danceability,energy,key,loudness,mode,speechiness,acousticness,instrumentalness,liveness,valence,tempo,duration_ms,genre
0.477,0.433,11,-6.473,0,0.0247,0.689,0.000195,0.151,0.611,82.52,156653,blues
0.427,0.626,8,-11.821,1,0.0385,0.0274,0.00395,0.106,0.743,126.877,219587,blues
0.598,0.735,2,-10.882,1,0.0973,0.44,0.000215,0.681,0.615,111.129,321133,blues
0.547,0.46,11,-8.759,0,0.0256,0.344,0.442,0.0983,0.543,90.768,324733,blues
0.441,0.455,10,-14.207,1,0.0485,0.62,0.00187,0.135,0.918,160.9,152351,blues
0.565,0.526,0,-11.352,1,0.0365,0.0339,0.000119,0.11,0.637,167.936,204333,blues
0.661,0.342,9,-16.361,0,0.043,0.844,0.000128,0.26,0.588,146.118,188400,blues
0.518,0.376,9,-18.248,0,0.0431,0.933,0.86,0.0976,0.744,158.089,233560,blues
0.676,0.334,5,-10.572,1,0.0508,0.862,0,0.32,0.867,158.0,162040,blues
0.277,0.479,5,-8.483,0,0.0495,0.585,0.0224,0.16,0.483,53.905,230360,blues
0.711,0.483,11,-11.211,1,0.0298,0.434,0.012,0.0284,0.884,91.652,169998,blues
0.542,0.502,3,-10.607,0,0.0515,0.195,0.00812,0.174,0.948,174.11,289560,blues
0.321,0.625,2,-5.219,0,0.0302,0.491,5.08e-05,0.345,0.777,107.338,212600,blues
0.56,0.241,4,-15.385,0,0.0314,0.593,0.195,0.122,0.341,79.537,293733,blues
0.572,0.348,0,-13.454,1,0.0294,0.44,0.000721,0.235,0.34,73.304,275267,blues
0.563,0.542,9,-10.862,1,0.0962,0.706,3.59e-05,0.355,0.785,133.285,181000,blues
0.595,0.525,11,-11.582,0,0.0499,0.3,3.15e-05,0.197,0.826,124.569,192200,blues
0.513,0.546,0,-15.672,1,0.0391,0.333,0,0.17,0.834,85.527,164547,blues
0.303,0.648,0,-6.795,1,0.0512,0.642,0.053,0.407,0.644,170.379,412960,blues
0.457,0.412,7,-11.138,0,0.0369,0.0516,4.35e-05,0.275,0.44,129.423,172693,blues
0.353,0.921,2,-5.64,1,0.0758,0.0488,0.065,0.314,0.526,145.589,271653,blues
0.775,0.499,4,-7.181,1,0.0415,0.496,0.0219,0.114,0.862,121.056,232707,blues
0.872,0.384,0,-16.204,1,0.0388,0.418,0.317,0.0687,0.938,102.597,515000,blues
0.64,0.496,2,-11.124,1,0.0413,0.616,4.63e-05,0.183,0.954,116.632,253333,blues
0.713,0.281,3,-11.057,0,0.0379,0.137,0.0258,0.111,0.397,148.301,318840,blues
0.779,0.155,5,-21.57,1,0.112,0.856,7.82e-06,0.0974,0.696,103.251,192707,blues
0.548,0.874,8,-10.147,1,0.0463,0.279,0.0463,0.173,0.966,172.129,141933,blues
0.679,0.367,4,-6.946,1,0.0534,0.857,0.0181,0.103,0.406,148.959,189640,blues
0.294,0.736,7,-7.961,0,0.151,0.282,0.0418,0.102,0.753,208.576,314880,blues
0.449,0.412,2,-7.19,1,0.0297,0.581,7.01e-06,0.452,0.432,144.185,178440,blues
0.792,0.495,0,-11.603,1,0.0527,0.239,0.00175,0.074,0.719,118.066,517400,blues
0.706,0.539,4,-15.047,1,0.122,0.829,0.000169,0.419,0.89,125.127,199734,blues
0.69,0.584,3,-8.864,1,0.0746,0.47,2.46e-05,0.297,0.809,118.017,179693,blues
0.648,0.544,1,-8.963,1,0.179,0.343,2.93e-06,0.087,0.619,153.063,182827,blues
0.633,0.625,0,-10.951,1,0.0436,0.492,0.000418,0.204,0.841,103.355,147800,blues
0.639,0.496,1,-6.844,0,0.0375,0.713,0.254,0.0545,0.467,140.394,445533,blues
0.621,0.519,11,-13.328,0,0.102,0.837,0.00246,0.162,0.775,117.005,167267,blues
0.678,0.612,4,-9.764,1,0.0339,0.101,0.318,0.164,0.857,118.381,216627,blues
0.73,0.235,0,-15.276,1,0.0355,0.527,0.0112,0.0663,0.624,87.226,247373,blues
0.629,0.0192,4,-19.952,1,0.0833,0.989,4.3e-05,0.106,0.335,169.254,188160,blues
0.294,0.611,2,-6.268,1,0.0348,0.0226,0.435,0.114,0.567,178.191,166400,blues
0.566,0.657,4,-10.33,1,0.0693,0.751,0.896,0.156,0.643,145.359,164893,blues
0.378,0.756,7,-11.073,1,0.0673,0.436,0.0351,0.867,0.838,131.577,255600,blues
0.705,0.483,1,-12.209,1,0.0542,0.15,0.0265,0.202,0.713,122.863,181786,blues
0.556,0.567,9,-11.426,0,0.0333,0.0581,0.00143,0.0907,0.858,141.345,227751,blues
0.537,0.695,11,-9.88,1,0.0377,0.00393,0.188,0.084,0.77,131.307,295693,blues
0.469,0.236,7,-16.981,1,0.0364,0.407,0.0434,0.215,0.415,82.232,399173,blues
0.84,0.412,1,-14.23,1,0.056,0.0217,0.784,0.041,0.963,122.807,156398,blues
0.447,0.464,2,-11.622,1,0.12,0.807,0.000118,0.249,0.62,175.465,431853,blues
0.56,0.73,1,-5.69,1,0.0362,0.219,0.144,0.179,0.963,151.594,194667,blues
0.523,0.568,9,-12.584,1,0.0751,0.652,0.00534,0.1,0.813,135.448,259760,blues
0.686,0.593,0,-10.078,1,0.0597,0.468,2.19e-05,0.352,0.946,92.82,159707,blues
0.767,0.496,10,-11.399,1,0.0307,0.237,0.0723,0.0853,0.751,110.932,252133,blues
0.584,0.278,4,-18.566,1,0.0312,0.55,0.21,0.255,0.75,81.712,215027,blues
0.303,0.492,0,-10.716,1,0.039,0.197,0.63,0.288,0.677,200.018,414960,blues
0.519,0.779,4,-9.159,1,0.0648,0.573,8.13e-05,0.286,0.888,113.487,173040,blues
0.606,0.301,0,-11.402,1,0.0423,0.545,0.00194,0.0419,0.457,100.979,183027,blues
0.566,0.424,7,-8.689,0,0.0392,0.669,0.00456,0.175,0.431,105.768,163440,blues
0.433,0.7,11,-8.197,1,0.163,0.843,0.324,0.102,0.8,80.623,176186,blues
0.554,0.49,9,-8.725,1,0.0267,0.736,0.00728,0.327,0.578,67.591,232453,blues
0.593,0.464,7,-16.925,1,0.0374,0.509,0.000214,0.166,0.763,113.001,316667,blues
0.397,0.684,0,-5.843,1,0.0722,0.0742,0.0293,0.0689,0.72,180.523,334400,blues
0.641,0.905,9,-6.805,1,0.0542,0.0962,0.00309,0.114,0.789,107.955,214520,blues
0.502,0.753,11,-9.625,0,0.0395,0.142,0.00824,0.0891,0.927,122.656,367533,blues
0.638,0.738,9,-9.563,1,0.0271,0.0315,0.000634,0.211,0.816,104.098,304600,blues
0.693,0.454,10,-10.275,0,0.03,0.417,0.000315,0.156,0.914,112.214,183133,blues
0.636,0.668,0,-6.857,1,0.0568,0.749,0.00121,0.0555,0.666,94.668,189133,blues
0.5,0.638,2,-7.262,1,0.0461,0.125,0.0285,0.199,0.746,122.621,239267,blues
0.467,0.277,8,-12.101,1,0.0283,0.89,7.66e-05,0.2,0.535,99.83,163373,blues
0.48,0.303,5,-13.675,1,0.0384,0.812,0,0.0889,0.643,98.282,180453,blues
0.213,0.0656,7,-24.81,1,0.0467,0.992,0.969,0.0699,0.0384,65.023,150147,classical
0.33,0.00357,3,-33.142,1,0.0339,0.995,0.953,0.0989,0.121,100.741,216213,classical
0.368,0.00363,1,-36.759,1,0.035,0.993,0.922,0.137,0.085,69.363,254000,classical
0.32,0.00501,1,-33.366,1,0.0455,0.993,0.919,0.0618,0.0383,68.947,294960,classical
0.701,0.341,1,-12.26,0,0.0418,0.499,0.903,0.359,0.163,105.513,151507,classical
0.339,0.00572,11,-32.309,0,0.0378,0.986,0.923,0.103,0.0616,72.7,198650,classical
0.364,0.00799,8,-33.09,1,0.0395,0.978,0.894,0.109,0.0674,101.226,216093,classical
0.33,0.00274,2,-37.342,0,0.0617,0.992,0.908,0.0668,0.188,61.088,143532,classical
0.447,0.449,2,-10.634,1,0.0376,0.934,0.961,0.0697,0.036,92.468,315427,classical
0.392,0.0536,4,-23.399,1,0.0571,0.995,0.867,0.0808,0.0417,71.286,234467,classical
0.499,0.351,9,-11.509,0,0.0448,0.951,9.94e-05,0.118,0.616,90.664,235947,classical
0.261,0.0149,1,-27.528,1,0.0419,0.992,0.897,0.102,0.0382,75.296,286987,classical
0.384,0.125,10,-22.4,1,0.0315,0.987,0.929,0.112,0.369,80.185,120741,classical
0.116,0.0011,2,-39.982,1,0.0544,0.988,0.227,0.0991,0.0387,70.332,255960,classical
0.238,0.0747,0,-24.201,0,0.0437,0.95,0.935,0.0978,0.126,117.686,271943,classical
0.205,0.129,7,-18.197,1,0.0595,0.968,0.946,0.101,0.296,136.871,169924,classical
0.46,0.03,1,-22.209,1,0.0697,0.987,0.897,0.0975,0.0535,133.167,261309,classical
0.461,0.0104,6,-31.073,1,0.0655,0.995,0.908,0.0895,0.106,71.494,172107,classical
0.417,0.0287,7,-25.066,1,0.0714,0.994,0.889,0.079,0.285,143.262,264053,classical
0.191,0.0582,8,-25.398,1,0.0578,0.961,0.89,0.0941,0.0454,132.614,357707,classical
0.23,0.0487,5,-27.675,1,0.0412,0.986,0.945,0.0679,0.101,134.839,203656,classical
0.334,0.00732,4,-30.908,0,0.0355,0.991,0.952,0.0968,0.0964,60.171,241987,classical
0.463,0.155,5,-17.164,1,0.044,0.877,0.261,0.105,0.222,122.437,301720,classical
0.279,0.00461,2,-36.886,0,0.0439,0.989,0.982,0.0638,0.039,69.813,181547,classical
0.103,0.0931,0,-20.732,0,0.0405,0.968,0.871,0.149,0.0355,85.638,197200,classical
0.267,0.0024,1,-42.261,0,0.0531,0.995,0.897,0.0942,0.267,71.428,397773,classical
0.391,0.0939,8,-25.725,0,0.0531,0.982,0.933,0.107,0.101,127.162,142638,classical
0.191,0.0317,9,-35.616,0,0.0407,0.984,0.888,0.0974,0.142,135.974,150733,classical
0.379,0.075,0,-20.328,1,0.0408,0.992,0.913,0.106,0.0353,68.232,241187,classical
0.457,0.0252,3,-35.116,1,0.0621,0.996,0.875,0.0975,0.168,74.137,138840,classical
0.28,0.104,2,-19.802,1,0.0336,0.935,0.866,0.362,0.176,92.628,310000,classical
0.33,0.00922,10,-30.88,1,0.0412,0.993,0.953,0.102,0.0715,133.121,242587,classical
0.124,0.0802,2,-25.99,1,0.045,0.923,0.932,0.16,0.0577,96.644,365000,classical
0.0786,0.227,4,-16.041,0,0.041,0.919,0.924,0.138,0.056,69.884,185440,classical
0.0746,0.0327,0,-27.191,0,0.0412,0.959,0.886,0.087,0.0504,75.083,403333,classical
0.175,0.0385,6,-27.916,0,0.0385,0.931,0.919,0.116,0.0761,81.177,314893,classical
0.42,0.0876,3,-28.052,1,0.0425,0.995,0.9,0.102,0.278,82.496,266213,classical
0.222,0.00847,5,-29.725,1,0.0401,0.992,0.883,0.0912,0.147,67.386,296773,classical
0.393,0.0152,4,-30.793,0,0.0437,0.995,0.906,0.075,0.164,75.084,161293,classical
0.303,0.00958,8,-28.556,1,0.054,0.991,0.953,0.109,0.212,72.204,264845,classical
0.425,0.00472,7,-37.89,1,0.0479,0.996,0.953,0.0985,0.484,81.93,190560,classical
0.0869,0.0587,3,-22.846,1,0.0397,0.929,0.762,0.113,0.0372,86.027,225133,classical
0.456,0.456,11,-16.055,0,0.0535,0.973,0.353,0.186,0.974,144.489,210680,classical
0.07,0.0724,4,-25.949,0,0.0404,0.946,0.896,0.286,0.0369,75.52,327600,classical
0.217,0.159,4,-19.013,0,0.0459,0.961,0.943,0.101,0.0395,104.533,317781,classical
0.326,0.0436,5,-30.607,0,0.0407,0.995,0.908,0.0997,0.458,70.121,248293,classical
0.274,0.167,9,-15.996,1,0.0431,0.634,0.939,0.104,0.0408,113.631,334553,classical
0.235,0.365,7,-13.864,1,0.0356,0.927,0.907,0.17,0.126,91.187,183667,classical
0.149,0.101,2,-19.935,0,0.0342,0.984,0.917,0.184,0.0486,79.567,202000,classical
0.0958,0.322,10,-13.753,0,0.0458,0.159,0.855,0.105,0.0332,87.339,374400,classical
0.377,0.0105,6,-32.994,1,0.0426,0.994,0.895,0.0638,0.0996,76.055,143806,classical
0.175,0.212,6,-14.073,1,0.0374,0.85,0.86,0.0979,0.128,132.026,277853,classical
0.277,0.0148,9,-33.992,1,0.035,0.994,0.917,0.103,0.153,138.564,309600,classical
0.0863,0.201,4,-14.365,0,0.0355,0.915,0.943,0.113,0.0398,74.351,285251,classical
0.166,0.0551,9,-19.494,0,0.052,0.976,0.635,0.119,0.143,176.616,206520,classical
0.221,0.0612,0,-21.344,1,0.0392,0.97,0.491,0.0661,0.0692,104.181,329653,classical
0.447,0.327,4,-16.489,1,0.0432,0.864,0.0224,0.085,0.565,100.439,445624,classical
0.335,0.0118,1,-23.89,1,0.0406,0.992,0.933,0.085,0.0805,91.146,290933,classical
0.404,0.182,0,-18.564,0,0.047,0.871,0.789,0.3,0.206,98.539,418000,classical
0.491,0.0759,10,-25.558,1,0.0485,0.988,0.943,0.128,0.549,98.595,52929,classical
0.192,0.0626,11,-26.368,0,0.0371,0.953,0.9,0.147,0.0395,77.698,168085,classical
0.335,0.0287,10,-27.4,1,0.041,0.991,0.888,0.0874,0.0371,67.446,328000,classical
0.218,0.0363,7,-23.891,1,0.05,0.96,0.886,0.124,0.078,121.017,219693,classical
0.329,0.0232,2,-24.632,0,0.0372,0.993,0.922,0.0965,0.112,111.377,209693,classical
0.244,0.0739,1,-22.008,0,0.0547,0.986,0.0152,0.0832,0.0931,86.218,226028,classical
0.307,0.036,2,-28.755,0,0.0522,0.995,0.801,0.0941,0.171,138.26,211440,classical
0.498,0.00875,5,-34.43,1,0.0396,0.994,0.957,0.0836,0.289,78.711,161373,classical
0.197,0.422,0,-13.065,1,0.0423,0.513,0.555,0.284,0.0948,94.018,385070,classical
0.0875,0.112,2,-22.576,0,0.0471,0.966,0.39,0.0931,0.0394,68.218,223173,classical
0.203,0.00733,7,-36.605,1,0.0402,0.959,0.877,0.104,0.0806,62.017,241800,classical
0.202,0.174,4,-12.877,0,0.048,0.903,0.868,0.184,0.0386,126.118,186469,classical
0.382,0.0499,2,-25.262,1,0.0548,0.994,0.906,0.109,0.0779,125.903,316653,classical
0.302,0.183,3,-14.139,1,0.044,0.808,0.0198,0.17,0.111,99.064,168013,classical
0.42,0.0104,5,-23.544,0,0.0371,0.991,0.9,0.116,0.106,105.724,299467,classical
0.607,0.323,9,-17.426,1,0.0416,0.938,0.933,0.274,0.891,117.574,188000,classical
0.361,0.0437,10,-27.32,0,0.0643,0.994,0.756,0.118,0.18,162.158,107000,classical
0.307,0.00229,1,-34.977,1,0.0519,0.992,0.931,0.098,0.281,67.775,283280,classical
0.447,0.0159,2,-25.612,0,0.063,0.995,0.933,0.195,0.107,131.542,236467,classical
0.411,0.0155,5,-28.791,0,0.0406,0.995,0.88,0.0813,0.0379,97.841,198493,classical
0.414,0.0454,1,-28.278,1,0.0421,0.992,0.891,0.104,0.0388,69.508,339893,classical
0.0745,0.00696,3,-39.507,1,0.0434,0.994,0.915,0.071,0.0846,213.087,464453,classical
0.225,0.0486,3,-25.253,1,0.0609,0.873,0.0292,0.096,0.0695,98.763,232680,classical
0.307,0.0515,4,-28.493,0,0.0324,0.708,0.631,0.42,0.154,128.056,125533,classical
0.0659,0.0102,4,-34.463,0,0.0461,0.866,0.941,0.0899,0.0376,69.004,162133,classical
0.264,0.0516,4,-24.887,1,0.0433,0.992,0.894,0.0908,0.0782,70.802,171667,classical
0.35,0.118,4,-21.192,0,0.0415,0.968,0.0607,0.118,0.255,124.135,337587,classical
0.349,0.191,0,-16.111,0,0.0463,0.992,0.936,0.132,0.0414,140.422,191000,classical
0.472,0.0284,9,-24.192,0,0.0568,0.991,0.837,0.0427,0.11,131.654,340414,classical
0.153,0.0422,7,-22.307,0,0.0367,0.964,0.887,0.0992,0.0422,83.81,290847,classical
0.527,0.0325,10,-26.594,1,0.0359,0.995,0.882,0.113,0.187,111.15,255267,classical
0.221,0.126,0,-25.367,1,0.0447,0.989,0.897,0.0769,0.216,133.564,139307,classical
0.279,0.0172,4,-27.441,1,0.035,0.994,0.885,0.077,0.0608,75.631,236600,classical
0.371,0.131,7,-23.899,0,0.0422,0.898,0.925,0.0847,0.0656,106.872,442693,classical
0.205,0.0821,3,-24.012,1,0.0482,0.958,0.933,0.0996,0.0593,68.853,201074,classical
0.354,0.0125,4,-27.577,0,0.0443,0.995,0.959,0.0782,0.0691,98.211,220560,classical
0.252,0.0578,1,-26.184,1,0.0518,0.953,0.0163,0.0721,0.0391,108.013,141707,classical
0.583,0.0238,0,-32.244,0,0.0369,0.994,0.847,0.103,0.426,108.74,131923,classical
0.296,0.00896,7,-31.948,0,0.0394,0.994,0.91,0.0815,0.0673,69.44,257000,classical
0.233,0.00786,7,-31.624,1,0.0528,0.958,0.905,0.106,0.0686,132.011,262000,classical
0.114,0.0701,4,-23.417,0,0.0445,0.87,0.431,0.0916,0.0371,89.33,331933,classical
0.252,0.797,11,-3.877,1,0.0328,0.00458,0.424,0.344,0.199,77.972,535733,rock
0.634,0.63,1,-8.277,0,0.031,0.447,0.039,0.17,0.489,118.628,270773,rock
0.31,0.7,9,-5.678,1,0.047,0.011,0.00965,0.0828,0.763,188.386,255493,rock
0.515,0.43,7,-9.935,1,0.0372,0.0097,0.000133,0.129,0.104,91.844,238640,rock
0.412,0.902,9,-11.6,1,0.405,0.0484,0.131,0.405,0.422,89.74,333893,rock
0.532,0.887,0,-3.757,1,0.0335,0.0778,0.000214,0.294,0.795,122.511,249293,rock
0.545,0.64,4,-9.937,0,0.224,0.00249,0.0304,0.196,0.606,80.544,230480,rock
0.579,0.508,2,-9.484,1,0.027,0.00574,0.000494,0.0575,0.609,147.125,391376,rock
0.552,0.947,2,-4.671,1,0.15,0.000652,0.00025,0.0637,0.465,127.631,282747,rock
0.356,0.209,9,-13.931,0,0.0344,0.515,0.743,0.118,0.0575,119.926,510339,rock
0.438,0.805,8,-6.237,1,0.0624,0.00255,5.69e-05,0.0842,0.564,113.253,240800,rock
0.479,0.847,0,-11.036,0,0.0984,0.00884,0.000206,0.144,0.317,90.654,228560,rock
0.539,0.828,4,-9.108,0,0.035,0.00067,0.421,0.154,0.562,105.25,515387,rock
0.574,0.913,6,-4.793,0,0.133,0.061,0.00158,0.156,0.423,115.728,208400,rock
0.456,0.59,11,-8.638,1,0.0327,0.00182,0.00379,0.104,0.243,124.635,283733,rock
0.502,0.912,1,-4.556,1,0.0564,2.55e-05,0.000173,0.106,0.72,116.761,301920,rock
0.535,0.716,4,-5.025,1,0.0431,0.326,0,0.659,0.901,94.379,175173,rock
0.307,0.433,1,-10.057,1,0.029,0.388,9.08e-05,0.332,0.224,160.9,266960,rock
0.445,0.706,8,-9.803,1,0.0461,0.234,0.000252,0.205,0.768,80.823,266720,rock
0.5,0.748,4,-9.072,1,0.0363,0.127,0,0.447,0.514,118.852,250987,rock
0.743,0.446,4,-7.807,0,0.0683,0.0039,0.118,0.337,0.278,123.596,232107,rock
0.489,0.758,7,-6.491,1,0.0297,0.000678,0.49,0.092,0.435,112.113,371413,rock
0.536,0.901,9,-7.211,1,0.0374,0.00145,0.0186,0.06,0.666,87.559,276880,rock
0.619,0.67,11,-10.322,0,0.0353,0.00165,0.0109,0.331,0.777,129.269,211933,rock
0.466,0.833,7,-4.215,1,0.304,0.0266,0,0.0327,0.661,88.785,313573,rock
0.489,0.724,5,-8.367,1,0.0352,0.313,0.185,0.287,0.15,117.292,300400,rock
0.641,0.894,8,-7.41,1,0.0273,0.0857,0.009,0.157,0.972,109.823,199453,rock
0.473,0.898,6,-4.797,0,0.0561,0.00783,0.0618,0.173,0.808,96.556,235547,rock
0.453,0.987,8,-4.485,1,0.0889,0.0195,0.283,0.268,0.316,123.544,273480,rock
0.653,0.519,2,-10.164,1,0.0497,0.406,0.0209,0.101,0.822,98.883,153693,rock
0.412,0.658,4,-12.051,0,0.0708,4.52e-05,0.000774,0.176,0.454,163.071,168406,rock
0.933,0.528,5,-6.472,0,0.162,0.112,0.329,0.163,0.756,109.975,214653,rock
0.652,0.94,2,-7.927,1,0.0776,0.0398,0.782,0.0567,0.72,91.242,246293,rock
0.559,0.345,4,-13.496,1,0.0459,0.0576,0.000105,0.141,0.458,84.581,264307,rock
0.413,0.881,11,-5.541,0,0.0367,5.99e-05,0.000308,0.0805,0.364,158.066,250547,rock
0.427,0.201,8,-13.044,1,0.0317,0.745,0.263,0.109,0.0668,105.218,232147,rock
0.493,0.586,2,-13.916,1,0.046,0.0202,0.00106,0.102,0.656,113.618,232533,rock
0.723,0.863,2,-7.89,1,0.0338,0.0383,0.0317,0.128,0.931,136.302,222813,rock
0.828,0.492,0,-9.744,1,0.0276,0.0644,0.00428,0.128,0.789,120.151,257800,rock
0.566,0.834,6,-8.412,0,0.0298,0.00277,0.008,0.0625,0.621,123.296,331560,rock
0.596,0.605,7,-12.145,1,0.0255,0.181,0.000331,0.0863,0.886,97.798,283800,rock
0.481,0.262,7,-15.73,1,0.0414,0.735,0.0114,0.832,0.375,122.861,334744,rock
0.741,0.697,0,-7.028,1,0.0277,0.0664,2.28e-05,0.133,0.774,116.109,160133,rock
0.82,0.452,1,-9.796,1,0.0348,0.543,0.00294,0.0714,0.74,117.401,253920,rock
0.504,0.911,2,-2.97,1,0.0738,0.00512,0.0123,0.355,0.671,106.244,179760,rock
0.573,0.939,8,-6.441,1,0.0808,0.493,0,0.0994,0.963,137.382,134253,rock
0.581,0.854,1,-8.485,0,0.0428,0.00197,0.0013,0.111,0.788,131.18,259840,rock
0.437,0.864,4,-7.842,0,0.0904,0.396,0.0314,0.242,0.749,81.394,295387,rock
0.651,0.801,0,-7.34,1,0.0514,0.123,0,0.0825,0.776,133.769,200480,rock
0.268,0.98,11,-5.958,1,0.103,0.0192,0.00709,0.182,0.395,100.315,405600,rock
0.533,0.376,9,-11.913,0,0.0393,0.0302,0.248,0.0926,0.187,165.007,259947,rock
0.315,0.534,9,-7.552,0,0.031,0.000825,0.108,0.101,0.283,116.891,269720,rock
0.533,0.905,2,-5.27,1,0.0754,0.00876,0.578,0.0698,0.486,108.9,170813,rock
0.73,0.868,5,-7.325,1,0.0288,0.0632,0.0661,0.318,0.923,148.217,350400,rock
0.375,0.893,2,-4.097,1,0.0406,0.000509,0,0.187,0.434,174.323,258773,rock
0.45,0.877,9,-6.403,1,0.0532,0.0118,4.95e-05,0.0699,0.896,162.477,212707,rock
0.674,0.789,8,-6.903,1,0.0676,0.00178,0.00708,0.0753,0.918,129.802,121160,rock
0.256,0.641,1,-10.283,1,0.0552,0.199,0.0329,0.0853,0.382,203.006,281160,rock
0.388,0.338,10,-10.054,1,0.0329,0.652,3.73e-06,0.248,0.478,177.765,303373,rock
0.623,0.449,5,-13.333,1,0.0253,0.212,0,0.0613,0.572,84.383,256000,rock
0.591,0.804,0,-7.299,1,0.0454,0.327,5.98e-06,0.0818,0.658,111.457,329413,rock
0.616,0.761,3,-9.199,1,0.126,0.196,0.0025,0.374,0.708,145.074,240600,rock
0.385,0.783,9,-2.533,1,0.233,0.000269,0.47,0.108,0.902,176.701,134467,rock
0.442,0.943,3,-3.205,1,0.0602,0.00293,8.71e-06,0.091,0.781,85.064,181533,rock
0.572,0.835,0,-6.219,1,0.0317,0.171,0.000377,0.0702,0.795,129.981,241600,rock
0.338,0.34,9,-12.049,0,0.0339,0.58,0.0032,0.116,0.197,82.433,482830,rock
0.486,0.449,5,-10.298,1,0.0267,0.166,2.23e-06,0.54,0.549,100.456,254293,rock
0.373,0.869,4,-7.719,1,0.0554,0.164,7.76e-06,0.605,0.696,184.024,221400,rock
0.367,0.452,10,-10.422,1,0.0307,0.0353,0.00228,0.689,0.189,113.066,520787,rock
0.392,0.402,0,-9.961,0,0.0536,0.288,0,0.243,0.228,143.883,354320,rock
0.595,0.996,2,-3.418,1,0.0599,0.195,0.0345,0.0351,0.376,152.049,151107,rock
0.54,0.429,2,-11.822,1,0.0285,0.000202,0.355,0.141,0.113,110.171,295516,rock
0.73,0.487,4,-10.991,1,0.0303,0.258,0.01,0.0852,0.731,114.965,226653,rock
0.427,0.459,9,-12.442,0,0.0332,0.116,0.000103,0.132,0.383,129.878,293440,rock
0.465,0.977,7,-3.839,0,0.175,0.00111,0.00298,0.201,0.233,89.535,284027,rock
0.309,0.649,7,-8.994,1,0.035,0.0158,0.00591,0.367,0.312,166.915,306440,rock
0.377,0.681,7,-8.039,1,0.0298,0.00088,0.0023,0.0504,0.285,108.789,285133,rock
0.513,0.979,0,-6.362,1,0.0425,0.0195,0.0951,0.0906,0.94,152.875,295466,rock
0.446,0.239,0,-13.945,1,0.0316,0.551,4.1e-06,0.0697,0.298,189.507,336453,rock
0.502,0.89,4,-5.175,1,0.0364,0.000147,0.0117,0.217,0.259,133.52,292880,rock
0.598,0.901,2,-6.081,1,0.0359,0.116,0.0401,0.178,0.814,153.24,231120,rock
0.635,0.686,9,-15.648,1,0.053,0.209,0.0176,0.282,0.464,125.988,274747,rock
0.262,0.777,11,-8.671,1,0.0632,0.0109,0.113,0.12,0.264,152.5,182733,rock
0.421,0.751,9,-9.584,1,0.0472,0.2,0,0.17,0.789,89.839,145867,rock
0.398,0.952,4,-6.042,1,0.061,0.000373,7.75e-05,0.1,0.584,122.093,278680,rock
0.356,0.917,9,-6.006,1,0.0479,0.0335,0,0.406,0.518,171.176,357267,rock
0.686,0.92,2,-6.231,1,0.0566,0.301,0.27,0.0807,0.225,135.027,511400,rock
0.673,0.814,9,-5.411,1,0.0367,0.0133,0.00293,0.343,0.728,147.193,252200,rock
0.365,0.924,4,-7.066,1,0.0488,0.0144,0.000254,0.423,0.632,135.811,296467,rock
0.482,0.786,7,-5.735,1,0.032,0.00321,8.88e-05,0.446,0.793,126.755,323000,rock
0.352,0.911,1,-5.23,1,0.0747,0.00121,0,0.0995,0.236,148.033,222973,rock
0.519,0.441,4,-14.178,1,0.0353,0.0204,0.000453,0.076,0.25,81.334,234973,rock
0.654,0.929,1,-5.906,1,0.0998,0.0468,0,0.0539,0.902,144.774,168840,rock
0.624,0.899,0,-5.709,1,0.0296,0.0221,0.000137,0.0975,0.79,104.061,193373,rock
0.741,0.58,4,-9.05,1,0.0304,0.117,3.31e-05,0.212,0.944,127.402,171267,rock
0.663,0.712,2,-7.268,1,0.0479,0.524,0,0.0804,0.527,113.439,236520,rock
0.284,0.875,11,-6.069,0,0.0422,0.00752,0.000461,0.402,0.595,75.009,340907,rock
0.482,0.617,4,-12.931,0,0.0458,0.00543,0.000146,0.284,0.718,125.697,252493,rock
0.541,0.96,0,-2.947,0,0.0505,0.0663,2.25e-06,0.344,0.812,122.803,222707,rock
0.587,0.872,7,-5.066,1,0.0484,0.018,0,0.622,0.735,159.925,221333,rock
0.286,0.856,4,-6.777,0,0.0585,0.0238,0.0542,0.487,0.696,162.12,250973,metal
0.541,0.738,4,-12.645,0,0.0346,0.00161,0.194,0.0983,0.588,105.314,515240,metal
0.429,0.631,4,-11.514,0,0.0769,7.85e-05,0.00411,0.175,0.376,162.734,168440,metal
0.445,0.955,8,-8.027,1,0.0856,0.0326,0.284,0.317,0.336,123.343,273600,metal
0.361,0.98,7,-3.635,0,0.33,0.00141,0.00268,0.294,0.238,179.138,282709,metal
0.332,0.994,1,-4.336,1,0.137,0.000119,0.322,0.142,0.0829,106.086,291440,metal
0.467,0.728,0,-12.965,0,0.0629,0.0794,0.208,0.0699,0.124,91.962,350600,metal
0.333,0.445,3,-16.343,0,0.0283,0.00858,0.0451,0.167,0.35,89.371,417840,metal
0.351,0.984,1,-5.658,1,0.124,0.00836,0.426,0.342,0.322,150.833,343640,metal
0.632,0.845,7,-6.336,1,0.0333,0.000773,0.00152,0.0618,0.433,89.232,324560,metal
0.489,0.953,0,-4.615,1,0.0858,0.02,0.00021,0.113,0.447,94.443,195853,metal
0.461,0.784,4,-6.733,0,0.0452,0.00294,3.37e-05,0.333,0.634,125.598,252693,metal
0.332,0.769,9,-11.503,1,0.0765,0.00367,0.00413,0.0372,0.525,157.378,354774,metal
0.274,0.949,11,-8.642,1,0.0896,0.0214,0.00778,0.218,0.497,100.346,406307,metal
0.54,0.873,11,-5.904,0,0.0329,0.00127,0.00079,0.0929,0.544,132.025,285663,metal
0.518,0.858,0,-6.147,1,0.0672,0.00563,0.00349,0.0598,0.249,117.897,309973,metal
0.365,0.763,11,-9.45,0,0.0591,0.00726,0.000457,0.0865,0.342,148.366,204867,metal
0.294,0.995,1,-4.383,0,0.168,0.000489,0.331,0.128,0.0379,88.777,254400,metal
0.546,0.9,5,-6.728,1,0.0691,0.0421,4.57e-05,0.292,0.447,90.591,215933,metal
0.464,0.612,9,-12.019,1,0.0591,0.116,0.00559,0.171,0.496,91.499,474400,metal
0.256,0.924,7,-6.685,1,0.113,0.00369,0.234,0.114,0.28,113.574,417227,metal
0.462,0.424,7,-13.155,0,0.0326,0.596,2.81e-05,0.11,0.442,86.924,336396,metal
0.446,0.764,9,-3.935,0,0.0416,0.0185,2.71e-06,0.254,0.717,118.0,237627,metal
0.53,0.952,2,-5.105,1,0.0577,0.000837,0.0119,0.262,0.433,110.98,290187,metal
0.311,0.658,6,-13.529,1,0.0406,0.0706,0.104,0.093,0.353,151.813,314720,metal
0.449,0.901,6,-7.711,1,0.0526,0.141,0.0675,0.128,0.696,125.148,356400,metal
0.526,0.713,2,-7.623,1,0.0253,0.00383,0.0103,0.379,0.566,97.571,328427,metal
0.338,0.979,4,-3.564,0,0.0581,3.48e-05,0.0121,0.061,0.36,90.848,350644,metal
0.615,0.732,8,-3.548,0,0.188,0.129,0,0.0898,0.561,173.929,201152,metal
0.596,0.896,0,-4.635,1,0.0382,0.00742,0.00057,0.372,0.456,115.092,281960,metal
0.343,0.927,9,-8.311,0,0.0678,1.41e-05,0.00162,0.33,0.387,153.866,275160,metal
0.681,0.773,2,-6.051,1,0.058,0.181,1.84e-05,0.311,0.547,120.276,236640,metal
0.344,0.449,2,-13.887,1,0.0421,0.0493,0.0278,0.322,0.123,132.809,377280,metal
0.485,0.945,0,-5.954,1,0.0402,0.0033,0.00525,0.0997,0.731,135.957,249013,metal
0.472,0.936,7,-6.123,1,0.064,0.00253,9.97e-06,0.0867,0.556,97.934,243613,metal
0.658,0.845,1,-5.025,1,0.0596,0.0572,0,0.0553,0.85,149.948,164490,metal
0.51,0.849,9,-10.946,0,0.0359,0.000325,0.189,0.0301,0.546,117.444,255600,metal
0.54,0.584,7,-9.579,1,0.0254,0.0108,0.00296,0.253,0.244,139.261,386493,metal
0.361,0.631,1,-9.215,0,0.0356,0.404,9.9e-05,0.0685,0.541,137.757,347627,metal
0.498,0.858,7,-5.259,0,0.0661,0.159,0,0.262,0.778,132.718,241893,metal
0.423,0.993,4,-3.341,0,0.0603,3.53e-05,0.0267,0.0756,0.426,95.116,388625,metal
0.279,0.651,9,-12.136,1,0.0472,0.0544,0.0592,0.19,0.47,178.649,388400,metal
0.498,0.804,9,-4.715,1,0.0829,0.0334,8.35e-05,0.0739,0.329,154.344,200582,metal
0.403,0.873,7,-5.18,1,0.0593,9.2e-05,3.94e-05,0.332,0.824,150.358,201213,metal
0.437,0.695,7,-9.447,1,0.0617,0.00111,0.0857,0.124,0.413,102.178,447440,metal
0.349,0.988,10,-4.116,0,0.156,9.15e-05,0.00806,0.111,0.0934,103.193,291533,metal
0.425,0.921,2,-5.544,0,0.0673,0.0202,0.00443,0.0735,0.366,99.884,291547,metal
0.553,0.362,4,-11.218,0,0.0263,0.0458,6.01e-06,0.075,0.158,142.352,388267,metal
0.168,0.776,7,-10.212,1,0.0454,0.00672,0.0171,0.284,0.482,179.05,510733,metal
0.603,0.817,7,-7.408,1,0.0274,0.000245,0.000496,0.312,0.593,100.054,228960,metal
0.497,0.625,5,-11.38,1,0.0376,0.00114,0.0421,0.253,0.727,136.126,373193,metal
0.467,0.882,4,-11.176,0,0.0496,0.000371,0.304,0.0952,0.452,96.67,312587,metal
0.523,0.706,2,-11.521,1,0.0935,0.0307,0.000274,0.337,0.407,99.684,260640,metal
0.311,0.947,1,-5.325,1,0.104,0.00047,0.0026,0.142,0.365,145.346,173560,metal
0.441,0.909,11,-6.092,0,0.0465,0.0121,0.377,0.167,0.783,104.81,175200,metal
0.463,0.886,5,-4.494,0,0.0544,0.000692,0.000495,0.0821,0.246,107.045,220400,metal
0.385,0.943,4,-5.327,1,0.139,0.0117,2.26e-06,0.963,0.446,75.973,257887,metal
0.284,0.417,8,-11.87,0,0.0327,0.27,0.0109,0.228,0.115,109.218,387107,metal
0.229,0.926,9,-6.493,1,0.0945,0.0043,0.00176,0.0602,0.407,87.373,301893,metal
0.37,0.922,2,-9.098,1,0.058,0.000107,0.00882,0.0974,0.333,134.857,297293,metal
0.432,0.771,7,-11.74,1,0.0633,0.0617,0.000871,0.0997,0.445,120.131,134093,metal
0.298,0.895,9,-7.647,0,0.0547,0.0283,0.00574,0.305,0.544,173.737,368507,metal
0.306,0.921,9,-7.607,1,0.0847,2.09e-05,0.000264,0.0538,0.285,101.943,266200,metal
0.543,0.652,6,-7.386,0,0.0748,0.138,1.99e-05,0.222,0.731,94.823,150048,metal
0.577,0.664,10,-9.153,1,0.0461,0.00533,0.111,0.142,0.164,108.442,264973,metal
0.636,0.682,0,-7.754,1,0.0261,0.0245,0.133,0.147,0.808,114.19,227853,metal
0.594,0.866,1,-4.922,1,0.0398,4.77e-05,0.00026,0.414,0.454,107.015,195547,metal
0.504,0.719,1,-9.155,0,0.0431,0.00878,0.00149,0.075,0.177,102.144,386707,metal
0.651,0.522,0,-10.217,1,0.034,0.0127,0.00269,0.385,0.232,104.785,253693,metal
0.431,0.933,4,-5.043,0,0.137,0.00188,0.151,0.0606,0.532,145.53,290253,metal
0.727,0.508,10,-3.982,1,0.03,0.0073,0,0.111,0.358,102.0,282933,metal
0.445,0.964,9,-5.493,1,0.282,0.037,0.0132,0.0773,0.448,140.817,414720,metal
0.485,0.936,4,-11.738,0,0.0669,0.00313,0.633,0.166,0.337,109.374,198173,metal
0.405,0.964,0,-7.456,1,0.0573,0.13,0.000224,0.18,0.378,143.099,264960,metal
0.283,0.988,0,-7.017,1,0.111,3.75e-05,0.728,0.0712,0.133,90.791,284507,metal
0.379,0.467,4,-13.047,1,0.0454,0.269,1.33e-05,0.227,0.374,125.858,289800,metal
0.42,0.938,0,-7.882,1,0.0664,0.00136,0.00329,0.173,0.697,119.449,270507,metal
0.109,0.952,0,-4.885,0,0.123,0.00144,0.00922,0.345,0.137,199.952,439213,metal
0.339,0.991,2,-5.028,1,0.145,0.000249,0.00327,0.261,0.185,106.767,300093,metal
0.331,0.79,9,-11.612,0,0.078,0.00279,0.0953,0.334,0.604,163.479,259933,metal
0.601,0.831,2,-8.582,1,0.172,0.000834,0,0.102,0.286,120.964,211787,metal
0.61,0.891,4,-5.452,0,0.0587,0.000805,0.0928,0.0657,0.51,139.903,246733,metal
0.519,0.982,7,-3.547,1,0.108,0.00203,0.00055,0.0971,0.361,97.745,319267,metal
0.248,0.988,2,-3.74,1,0.144,5.87e-05,0.84,0.323,0.149,115.301,311200,metal
0.578,0.775,5,-5.388,1,0.0509,0.00365,0.102,0.196,0.306,132.038,311533,metal
0.322,0.978,9,-5.446,1,0.131,8.66e-05,0.266,0.136,0.271,112.878,386600,metal
0.362,0.961,2,-5.664,1,0.0857,0.024,9.35e-06,0.159,0.491,164.019,153840,metal
0.519,0.833,6,-6.947,0,0.0496,0.00572,4.33e-06,0.104,0.532,138.225,310080,metal
0.61,0.824,4,-6.046,1,0.0534,0.0136,1.75e-06,0.0606,0.819,134.992,210133,metal
0.437,0.948,4,-6.041,0,0.0554,0.000716,0.000261,0.146,0.361,96.72,222440,metal
0.287,0.716,11,-5.653,0,0.0311,0.0381,3.24e-05,0.164,0.544,172.123,409800,metal
0.381,0.979,9,-5.065,0,0.144,0.00746,0.202,0.865,0.174,103.056,186093,metal
0.469,0.875,4,-5.072,0,0.0952,0.0685,0,0.102,0.377,134.36,203533,metal
0.554,0.79,9,-7.126,1,0.0695,0.000738,0.00401,0.342,0.598,124.336,202627,metal
0.404,0.969,9,-6.151,0,0.244,0.00534,0.00184,0.574,0.461,178.411,177800,metal
0.625,0.598,0,-8.953,1,0.0327,0.00202,7.78e-06,0.382,0.816,119.987,171500,metal
0.444,0.922,11,-4.519,0,0.0529,0.00635,0,0.305,0.301,140.206,225533,metal
0.375,0.976,9,-5.498,1,0.0895,0.0118,3.46e-06,0.527,0.208,112.813,283120,metal
0.348,0.829,9,-5.651,0,0.0457,0.00253,0.048,0.431,0.368,136.681,333533,metal
0.354,0.958,9,-4.787,1,0.0785,0.000525,0.0596,0.15,0.346,104.536,215560,metal
0.623,0.734,9,-5.948,1,0.107,0.0162,1.75e-06,0.145,0.37,107.853,244453,pop
0.698,0.844,7,-4.549,0,0.067,0.0577,1.69e-05,0.105,0.446,126.937,198467,pop
0.689,0.737,9,-4.516,1,0.0268,0.00482,0,0.0777,0.47,140.0,207893,pop
0.688,0.702,7,-4.792,0,0.0499,0.0215,0,0.128,0.74,94.006,192191,pop
0.706,0.841,7,-3.956,1,0.0418,7.95e-05,0,0.0688,0.861,132.032,220227,pop
0.677,0.696,0,-6.181,1,0.119,0.321,0,0.42,0.464,90.03,198082,pop
0.583,0.786,2,-3.142,0,0.0301,0.0208,0,0.188,0.573,123.055,258827,pop
0.858,0.677,1,-3.842,0,0.0465,0.0752,0,0.0718,0.925,117.005,188067,pop
0.587,0.828,11,-5.108,1,0.161,0.00327,0,0.331,0.494,123.907,260253,pop
0.711,0.7,1,-4.805,0,0.046,0.00498,0.000125,0.215,0.801,128.001,211920,pop
0.604,0.843,10,-3.932,0,0.1,0.036,6.22e-06,0.183,0.688,173.982,144992,pop
0.645,0.713,6,-5.355,1,0.0393,0.00835,0,0.113,0.566,74.989,214507,pop
0.748,0.524,8,-5.599,1,0.0338,0.414,0,0.111,0.661,95.01,244960,pop
0.648,0.738,6,-5.883,0,0.247,0.0408,0,0.292,0.603,159.145,226160,pop
0.728,0.563,1,-8.053,0,0.134,0.621,0,0.179,0.352,100.017,217707,pop
0.504,0.785,8,-4.802,1,0.104,0.0738,0,0.239,0.502,173.968,210840,pop
0.748,0.939,0,-4.288,0,0.0341,0.0534,0,0.32,0.96,104.001,198067,pop
0.596,0.851,5,-4.245,0,0.121,0.0358,3.19e-05,0.365,0.612,202.049,204013,pop
0.749,0.774,9,-6.221,1,0.12,0.0857,1.14e-05,0.11,0.35,99.019,217533,pop
0.339,0.67,2,-5.995,1,0.0457,0.0303,0.0369,0.225,0.383,114.903,220867,pop
0.648,0.785,7,-5.414,1,0.165,0.0561,0,0.148,0.943,160.02,219200,pop
0.512,0.803,2,-5.135,1,0.0531,0.00362,0.000583,0.116,0.591,124.162,249693,pop
0.762,0.7,9,-6.021,0,0.0694,0.00261,1.56e-05,0.153,0.608,116.073,209320,pop
0.523,0.748,1,-2.165,1,0.0395,0.226,0,0.27,0.329,84.954,187776,pop
0.774,0.626,3,-4.432,0,0.0432,0.0969,3.12e-05,0.0848,0.777,100.041,211475,pop
0.857,0.8,2,-4.035,1,0.0583,0.381,0,0.0913,0.966,121.996,199440,pop
0.609,0.726,5,-4.346,0,0.0414,0.0723,8.45e-06,0.0895,0.362,93.958,195000,pop
0.585,0.776,5,-5.898,1,0.0459,0.0572,7.74e-06,0.3,0.427,77.987,244507,pop
0.427,0.9,11,-3.674,1,0.0499,0.116,1.75e-05,0.119,0.599,104.655,334667,pop
0.868,0.7,7,-6.408,0,0.1,0.0933,0.00685,0.0815,0.458,121.988,194754,pop
0.841,0.287,0,-16.649,0,0.0641,0.448,0.574,0.118,0.254,74.995,90510,pop
0.854,0.658,9,-6.932,0,0.17,0.154,0.00914,0.102,0.855,137.949,265667,pop
0.85,0.482,1,-6.684,0,0.102,0.0246,0,0.387,0.217,100.957,229867,pop
0.801,0.795,1,-5.115,0,0.0504,0.0417,0.000113,0.0717,0.754,79.028,163253,pop
0.425,0.597,11,-8.043,0,0.106,0.204,6.48e-06,0.485,0.449,84.968,190588,pop
0.551,0.836,10,-3.838,0,0.0524,0.00502,2.1e-05,0.0425,0.758,185.063,220573,pop
0.599,0.448,8,-6.312,1,0.0232,0.163,0,0.106,0.168,95.05,263400,pop
0.516,0.75,2,-6.172,1,0.239,0.0338,0,0.217,0.396,149.987,128080,pop
0.617,0.635,11,-6.769,0,0.0317,0.0498,1.44e-05,0.164,0.446,103.019,247160,pop
0.173,0.582,4,-7.027,1,0.0391,0.0007,0.00918,0.119,0.17,118.798,268554,pop
0.782,0.769,1,-2.754,1,0.119,0.0157,0.052,0.106,0.462,164.953,142516,pop
0.646,0.696,1,-5.572,0,0.342,0.0192,0,0.0762,0.625,92.88,207401,pop
0.71,0.717,4,-3.362,0,0.0489,0.0878,0,0.148,0.453,100.065,150053,pop
0.733,0.613,1,-7.972,1,0.258,0.135,8.31e-06,0.53,0.21,95.021,169263,pop
0.652,0.757,1,-6.819,1,0.153,0.286,0,0.0886,0.962,159.911,233305,pop
0.792,0.634,4,-6.566,0,0.0348,0.245,7.11e-06,0.136,0.322,99.989,207612,pop
0.728,0.748,6,-7.272,0,0.0426,0.0865,0.769,0.0995,0.465,103.943,166271,pop
0.663,0.89,4,-5.405,0,0.214,0.467,0,0.348,0.739,88.751,97079,pop
0.794,0.711,8,-5.124,0,0.0699,0.3,0,0.0955,0.955,174.915,189109,pop
0.783,0.651,11,-9.561,0,0.193,0.0417,0,0.109,0.5,97.032,103918,pop
0.545,0.502,0,-11.233,1,0.0365,0.00343,8.74e-06,0.108,0.148,135.027,190588,pop
0.666,0.531,11,-8.465,1,0.446,0.0308,0,0.111,0.326,172.118,158758,pop
0.801,0.619,5,-7.015,1,0.342,0.0555,0,0.142,0.413,136.916,154293,pop
0.776,0.588,2,-5.8,1,0.28,0.00416,0,0.105,0.47,83.909,171643,pop
0.555,0.715,11,-4.821,0,0.0468,0.00192,0,0.114,0.402,91.951,225147,pop
0.711,0.588,7,-4.968,1,0.136,0.234,0,0.239,0.528,82.333,151273,pop
0.355,0.618,4,-6.948,0,0.0792,0.678,0,0.558,0.322,160.391,201178,pop
0.732,0.396,4,-9.348,0,0.0286,0.0841,3.58e-05,0.105,0.548,90.024,195920,pop
0.591,0.7,4,-6.58,1,0.333,0.378,0,0.168,0.275,81.917,112970,pop
0.592,0.501,2,-10.16,0,0.103,0.359,0.000617,0.169,0.395,109.929,159273,pop
0.751,0.834,1,-5.444,0,0.0437,0.3,1.77e-05,0.355,0.894,95.053,211160,pop
0.817,0.633,4,-6.234,0,0.0475,0.209,1.24e-05,0.117,0.57,98.033,195918,pop
0.514,0.559,3,-5.335,0,0.0298,0.00059,0.703,0.427,0.0967,107.017,164194,pop
0.482,0.706,9,-5.762,1,0.0607,0.135,0.00106,0.105,0.144,92.513,224920,pop
0.73,0.703,0,-5.672,0,0.0369,0.109,0,0.0657,0.595,138.113,192120,pop
0.591,0.628,10,-10.416,1,0.264,0.183,0.00027,0.104,0.379,175.125,133000,pop
0.638,0.831,5,-3.944,1,0.182,0.0281,3.06e-06,0.277,0.685,175.038,223053,pop
0.629,0.967,11,-5.572,0,0.0723,4.21e-05,0.344,0.404,0.222,128.105,138750,pop
0.607,0.714,10,-7.749,0,0.225,0.297,2.83e-06,0.35,0.494,78.937,227848,pop
0.612,0.735,8,-5.074,0,0.0282,0.00202,0.00118,0.328,0.783,126.326,226053,pop
0.646,0.501,0,-8.258,0,0.0723,0.165,1.07e-05,0.128,0.327,150.995,152583,pop
0.489,0.867,4,-3.121,0,0.071,0.025,0,0.586,0.409,162.131,157293,pop
0.691,0.795,1,-4.021,0,0.0355,0.000812,1.02e-06,0.156,0.876,133.971,227333,pop
0.557,0.803,1,-3.599,0,0.213,0.0124,1.61e-06,0.737,0.657,92.134,213507,pop
0.773,0.758,1,-4.993,1,0.0381,0.0422,0,0.305,0.925,144.033,224840,pop
0.818,0.579,11,-6.067,0,0.267,0.117,1.79e-06,0.0979,0.482,149.991,182415,pop
0.683,0.427,8,-6.827,1,0.0777,0.368,0,0.0604,0.426,113.634,176347,pop
0.663,0.942,11,-5.743,1,0.0473,9.2e-06,0.854,0.262,0.481,115.045,141971,pop
0.747,0.937,0,-5.746,1,0.0453,0.0208,0,0.29,0.739,103.976,224653,pop
0.498,0.584,9,-4.127,0,0.372,0.103,0,0.11,0.367,80.079,195726,pop
0.767,0.671,9,-6.416,0,0.142,0.21,1.12e-05,0.129,0.474,128.072,211859,pop
0.638,0.662,2,-4.017,1,0.0291,0.0512,2.04e-05,0.235,0.492,87.464,155314,pop
0.678,0.918,5,-4.63,1,0.0355,0.000417,0,0.0744,0.769,130.028,216160,pop
0.524,0.904,8,-2.071,1,0.398,0.0533,0,0.776,0.655,161.188,254040,pop
0.383,0.925,0,-1.755,0,0.0898,0.018,0.000284,0.387,0.188,135.012,210761,pop
0.783,0.58,7,-6.548,1,0.0408,0.0114,2.28e-06,0.108,0.66,120.021,193400,pop
0.777,0.438,2,-9.103,1,0.129,0.135,0,0.274,0.104,128.082,255995,pop
0.755,0.57,9,-7.132,1,0.0888,0.0416,0,0.0891,0.406,102.991,204400,pop
0.684,0.923,8,-3.867,0,0.0442,0.0354,0.818,0.355,0.874,118.042,120037,pop
0.667,0.424,5,-10.164,0,0.109,0.446,8.02e-05,0.108,0.336,120.014,212254,pop
0.743,0.576,11,-8.019,1,0.0672,0.147,0,0.114,0.58,88.003,174556,pop
0.662,0.736,7,-6.511,1,0.0374,0.00274,0.000844,0.0464,0.674,104.003,232120,pop
0.56,0.881,2,-8.942,1,0.06,0.0107,0,0.0566,0.234,93.99,252766,pop
0.863,0.634,2,-9.498,0,0.137,0.503,0.92,0.0911,0.9,117.986,137797,pop
0.719,0.671,8,-6.279,1,0.0336,0.0372,8.21e-06,0.12,0.786,130.027,237627,pop
0.729,0.771,4,-2.451,1,0.0725,0.00761,0,0.087,0.873,125.011,198053,pop
0.612,0.673,1,-8.139,1,0.155,0.000301,0.00195,0.158,0.75,155.076,155000,pop
0.599,0.877,11,-3.45,0,0.226,0.064,0,0.234,0.79,187.305,207040,pop
0.452,0.605,6,-7.931,0,0.0704,0.175,0,0.177,0.38,125.504,197648,pop
0.61,0.926,8,-4.843,0,0.0479,0.031,0.0012,0.0821,0.861,172.638,200400,pop
0.8,0.608,11,-9.777,0,0.111,0.0711,0.000361,0.0466,0.842,113.196,296027,disco
0.865,0.653,2,-7.278,1,0.0525,0.101,0.00671,0.0484,0.867,111.565,490040,disco
0.798,0.746,10,-8.639,1,0.0313,0.0304,0.361,0.0703,0.965,128.553,655213,disco
0.86,0.873,2,-7.922,0,0.0374,0.0162,0.0094,0.319,0.971,120.403,296000,disco
0.701,0.81,5,-9.945,0,0.043,0.000964,0.00109,0.195,0.832,113.308,366413,disco
0.703,0.755,5,-9.337,1,0.0749,0.00947,0.02,0.17,0.731,117.128,366200,disco
0.74,0.914,7,-6.903,1,0.0938,0.296,0.0326,0.113,0.709,127.589,297147,disco
0.605,0.881,9,-4.891,0,0.0462,0.0266,3.28e-06,0.81,0.965,117.178,389760,disco
0.796,0.892,0,-8.31,1,0.0333,0.00475,0.0187,0.0717,0.965,120.4,407053,disco
0.857,0.66,10,-9.611,0,0.0462,0.0501,0.0299,0.0629,0.818,108.526,331867,disco
0.646,0.867,5,-8.523,1,0.0498,0.00574,0.159,0.0434,0.812,111.193,242640,disco
0.681,0.778,5,-5.826,1,0.0398,0.0419,0.000259,0.149,0.644,111.953,218639,disco
0.753,0.913,2,-5.882,0,0.0294,0.0489,0.228,0.0419,0.968,132.008,495827,disco
0.725,0.908,2,-6.357,0,0.0507,0.309,0.0176,0.34,0.875,112.283,436827,disco
0.867,0.79,1,-5.424,1,0.0518,0.343,0.0131,0.245,0.814,110.048,219560,disco
0.873,0.419,6,-7.814,0,0.0477,0.0914,0.306,0.0476,0.935,113.622,437760,disco
0.643,0.807,10,-12.973,1,0.0319,0.0455,0.422,0.0493,0.962,131.567,395573,disco
0.774,0.641,1,-10.193,1,0.0799,0.0765,0,0.0867,0.875,113.256,214200,disco
0.836,0.626,9,-10.143,0,0.0335,0.0943,0.742,0.153,0.898,114.657,307947,disco
0.758,0.841,0,-7.509,1,0.0319,0.0544,0.000153,0.103,0.849,114.487,287440,disco
0.811,0.604,4,-9.584,0,0.0455,0.335,0.00204,0.0969,0.968,110.526,367973,disco
0.912,0.578,0,-9.299,1,0.0715,0.000142,0.578,0.0885,0.246,122.666,236733,disco
0.859,0.782,10,-8.344,1,0.0369,0.154,0.0297,0.0693,0.931,119.518,247133,disco
0.767,0.789,0,-6.203,1,0.0666,0.0371,0.0145,0.0515,0.963,127.074,516213,disco
0.706,0.723,5,-9.235,1,0.0382,0.0232,0.0441,0.0994,0.937,113.121,415467,disco
0.892,0.433,0,-13.806,0,0.0699,0.0277,0.000892,0.0308,0.924,128.029,344547,disco
0.869,0.648,11,-8.698,0,0.0633,0.121,2.17e-05,0.126,0.9,125.035,339320,disco
0.641,0.848,5,-6.353,0,0.0915,0.33,0.00165,0.194,0.76,105.533,222987,disco
0.754,0.818,10,-7.099,1,0.0458,0.0565,0.000424,0.0979,0.877,110.501,235293,disco
0.784,0.713,0,-6.865,1,0.0339,0.447,0.14,0.0904,0.97,115.443,220560,disco
0.661,0.846,5,-8.869,1,0.0467,0.129,5.17e-06,0.0355,0.911,101.068,266827,disco
0.677,0.717,0,-10.896,1,0.033,0.0182,0.188,0.279,0.963,123.007,256493,disco
0.878,0.821,11,-9.875,1,0.089,0.126,0.0461,0.183,0.947,118.881,365467,disco
0.734,0.586,2,-11.866,1,0.129,0.125,0,0.0367,0.762,109.933,230467,disco
0.747,0.701,1,-7.7,1,0.0453,0.127,0,0.084,0.87,112.964,220867,disco
0.851,0.576,11,-12.219,0,0.0606,0.245,0.0774,0.0607,0.961,116.53,242800,disco
0.721,0.537,10,-11.3,0,0.0499,0.101,4.86e-05,0.106,0.755,118.917,241000,disco
0.852,0.752,6,-7.774,1,0.0576,0.0387,0.000272,0.609,0.834,113.287,437453,disco
0.785,0.787,8,-7.886,0,0.0594,0.14,0.000118,0.15,0.864,119.576,357720,disco
0.68,0.902,7,-4.299,1,0.126,0.284,4.91e-06,0.123,0.76,118.107,274920,disco
0.651,0.945,10,-7.922,1,0.0361,0.169,0.475,0.15,0.939,112.292,185640,disco
0.78,0.551,5,-13.038,0,0.0625,0.0613,0.104,0.0331,0.969,126.009,491933,disco
0.708,0.94,7,-4.03,0,0.0593,0.162,5.62e-06,0.305,0.869,131.072,333827,disco
0.81,0.649,2,-7.072,0,0.0535,0.245,0.000286,0.0965,0.952,123.757,223827,disco
0.734,0.67,6,-9.045,0,0.0519,0.122,0.000328,0.0757,0.959,98.282,209160,disco
0.748,0.743,8,-5.996,1,0.0433,0.405,5.66e-06,0.125,0.914,112.184,223107,disco
0.746,0.599,8,-10.835,0,0.0952,0.0301,9.94e-05,0.0989,0.961,126.472,371707,disco
0.92,0.653,9,-9.638,1,0.0563,0.00446,0.00591,0.0597,0.982,129.911,244173,disco
0.62,0.54,4,-14.636,0,0.0422,0.349,2.53e-05,0.187,0.759,118.823,303533,disco
0.849,0.376,11,-16.779,0,0.0356,0.0117,0.0843,0.0365,0.93,117.711,266560,disco
0.594,0.771,5,-10.671,0,0.0443,0.313,0.00474,0.0694,0.953,104.389,200867,disco
0.863,0.726,9,-6.649,1,0.0494,0.415,0.0299,0.0735,0.93,132.574,346133,disco
0.553,0.839,0,-5.844,0,0.116,0.153,6e-05,0.13,0.673,121.819,217733,disco
0.817,0.724,11,-9.003,0,0.0769,0.0655,1.55e-06,0.129,0.962,114.719,369800,disco
0.653,0.652,7,-9.304,0,0.0427,0.13,1.58e-05,0.202,0.846,115.388,248360,disco
0.607,0.873,0,-7.697,0,0.05,0.0504,0.00024,0.161,0.73,114.132,244760,disco
0.765,0.927,5,-5.715,0,0.0399,0.0156,5.97e-06,0.0391,0.927,113.326,241920,disco
0.887,0.755,6,-3.679,0,0.0456,0.0427,2.77e-05,0.325,0.877,125.455,228213,disco
0.716,0.661,6,-14.694,1,0.0365,0.0807,0.00883,0.0535,0.921,107.288,204200,disco
0.934,0.646,11,-5.727,0,0.228,0.0303,0.00614,0.0776,0.832,116.351,253053,disco
0.639,0.905,4,-4.215,0,0.0543,0.235,4.93e-05,0.206,0.825,123.664,241333,disco
0.752,0.616,11,-12.266,0,0.101,0.323,0,0.0464,0.798,116.172,240000,disco
0.643,0.909,11,-8.467,0,0.0965,0.233,0,0.0809,0.818,102.202,209733,disco
0.682,0.769,5,-12.274,1,0.0501,0.129,0.196,0.036,0.743,121.577,315800,disco
0.62,0.834,0,-7.619,1,0.0479,0.221,1.66e-05,0.123,0.755,113.09,193467,disco
0.813,0.707,1,-8.414,1,0.069,0.00665,1.14e-06,0.265,0.803,110.008,286712,disco
0.755,0.709,6,-12.393,0,0.0336,0.0209,0.105,0.0339,0.969,124.062,317933,disco
0.611,0.962,1,-6.66,1,0.1,0.0364,0,0.28,0.635,112.478,160920,disco
0.663,0.974,10,-3.866,0,0.0669,0.118,0.108,0.0191,0.577,127.907,493213,disco
0.533,0.908,0,-8.688,1,0.13,0.0324,2.13e-05,0.0732,0.559,121.541,427933,disco
0.844,0.478,6,-11.796,1,0.0479,0.00129,0.00704,0.0962,0.723,129.166,212347,disco
0.558,0.731,0,-8.416,0,0.0346,0.0121,0.00574,0.271,0.791,118.798,456493,disco
0.686,0.655,0,-10.669,1,0.0531,0.284,6.22e-06,0.112,0.896,98.458,228667,disco
0.656,0.791,2,-12.913,0,0.0573,0.0514,4.27e-06,0.463,0.85,107.81,290267,disco
0.868,0.788,1,-4.321,1,0.0547,0.0334,2.6e-05,0.0801,0.961,114.674,262457,disco
0.808,0.785,5,-7.718,0,0.12,0.274,1.04e-05,0.266,0.933,117.719,228573,disco
0.851,0.89,1,-4.739,1,0.0344,0.213,6.63e-05,0.0387,0.932,116.385,220893,disco
0.82,0.869,5,-4.657,0,0.135,0.111,4.08e-05,0.114,0.907,119.129,201680,disco
0.875,0.887,2,-7.672,1,0.0495,0.204,0.00109,0.343,0.895,122.852,248693,disco
0.629,0.7,5,-7.139,1,0.0299,0.00221,0.000208,0.42,0.912,131.007,212987,disco
0.786,0.75,0,-12.263,1,0.036,0.174,0.128,0.12,0.966,127.146,299160,disco
0.616,0.711,0,-12.724,0,0.0457,0.0126,0.00886,0.165,0.94,128.015,411093,disco
0.718,0.676,11,-11.633,0,0.0318,0.153,0.0306,0.0706,0.944,112.711,316267,disco
0.78,0.542,0,-10.99,0,0.0464,0.0107,0.306,0.0869,0.808,111.271,198293,disco
0.735,0.888,8,-7.5,1,0.0529,0.113,0.000192,0.322,0.881,120.473,297080,disco
0.733,0.65,11,-11.878,1,0.0658,0.0133,0.00437,0.627,0.65,120.944,480572,disco
0.687,0.928,5,-5.109,1,0.0314,0.000152,0.828,0.114,0.882,127.926,306960,disco
0.783,0.762,7,-8.605,1,0.0524,0.024,0.0564,0.287,0.824,119.471,519864,disco
0.74,0.882,5,-8.225,0,0.0369,0.0221,0.251,0.0757,0.872,121.982,376987,disco
0.655,0.872,5,-4.087,0,0.0559,0.108,0.00732,0.115,0.882,118.952,235040,disco
0.742,0.78,4,-6.626,0,0.0367,0.122,0.00061,0.251,0.75,112.763,470933,disco
0.548,0.583,2,-15.692,1,0.0447,0.0977,1.07e-05,0.145,0.564,116.691,307627,disco
0.726,0.802,5,-10.006,1,0.0609,0.000702,0.0275,0.059,0.803,110.271,320027,disco
0.696,0.848,9,-5.244,0,0.0508,0.00143,0.164,0.089,0.476,128.928,217253,disco
0.975,0.57,6,-10.604,0,0.0481,0.0071,0.28,0.072,0.968,126.908,338844,disco
0.812,0.507,1,-8.825,0,0.0452,0.0399,0.0831,0.0671,0.729,114.832,347667,disco
0.725,0.629,2,-8.864,1,0.0378,0.0132,0.513,0.386,0.757,119.425,325360,disco
0.598,0.97,9,-9.901,1,0.0457,0.0871,0.524,0.0945,0.638,118.253,410770,disco
0.879,0.555,2,-13.502,1,0.0554,0.0105,0.00453,0.0965,0.8,107.667,533227,disco
0.662,0.788,11,-5.544,0,0.0635,0.0812,0.141,0.0351,0.929,116.499,315640,disco
0.271,0.165,5,-20.652,1,0.0351,0.729,1.6e-06,0.118,0.203,77.082,139227,jazz
0.462,0.15,8,-13.531,1,0.0522,0.984,0.000902,0.105,0.19,98.66,207600,jazz
0.746,0.243,4,-15.134,0,0.123,0.829,1.02e-06,0.0905,0.425,118.578,215747,jazz
0.664,0.194,5,-15.487,0,0.0357,0.909,3.85e-05,0.0829,0.443,129.863,321827,jazz
0.349,0.182,5,-13.507,1,0.031,0.92,0.0152,0.143,0.178,136.094,191973,jazz
0.262,0.356,0,-8.031,0,0.0303,0.613,0,0.175,0.426,174.176,187667,jazz
0.663,0.264,0,-14.571,1,0.0914,0.706,0,0.1,0.657,122.482,354533,jazz
0.454,0.26,8,-13.193,0,0.0401,0.539,0.00078,0.0675,0.598,174.322,324133,jazz
0.532,0.0657,0,-19.136,0,0.0406,0.94,0.00488,0.0946,0.292,128.607,201440,jazz
0.387,0.117,0,-17.803,1,0.0299,0.925,0.000171,0.109,0.166,93.575,151867,jazz
0.558,0.123,0,-10.396,1,0.0525,0.809,0.00121,0.0916,0.341,70.16,206333,jazz
0.443,0.104,0,-17.042,1,0.101,0.913,0,0.191,0.394,76.497,185160,jazz
0.639,0.269,8,-11.435,1,0.0698,0.982,0.12,0.141,0.539,124.866,207827,jazz
0.464,0.305,3,-12.435,0,0.0316,0.936,0.0846,0.208,0.282,108.229,255227,jazz
0.421,0.0162,2,-25.358,0,0.0388,0.808,0.0024,0.0978,0.154,110.479,337733,jazz
0.595,0.306,7,-14.404,1,0.0345,0.883,0.000386,0.0733,0.464,133.63,142533,jazz
0.172,0.0696,11,-21.295,0,0.0339,0.916,0.00199,0.137,0.103,167.974,298133,jazz
0.438,0.00756,0,-26.44,0,0.0382,0.941,0.00643,0.109,0.277,133.32,141133,jazz
0.474,0.0676,9,-16.101,0,0.0363,0.963,0.00291,0.14,0.248,115.713,295240,jazz
0.532,0.151,0,-17.266,1,0.0376,0.706,0.00136,0.116,0.211,136.759,562640,jazz
0.425,0.0469,7,-18.612,0,0.0354,0.955,0,0.137,0.154,135.335,356627,jazz
0.572,0.152,9,-15.658,0,0.0408,0.961,0.000432,0.136,0.339,127.497,254667,jazz
0.355,0.0304,1,-20.479,1,0.0361,0.989,0.0555,0.116,0.188,90.495,211533,jazz
0.723,0.0811,0,-14.113,1,0.0631,0.779,0,0.509,0.36,88.044,181493,jazz
0.488,0.0527,5,-27.331,1,0.0478,0.971,0.911,0.0882,0.193,49.689,306227,jazz
0.501,0.0454,0,-18.783,1,0.0388,0.938,3.76e-05,0.2,0.255,99.783,166760,jazz
0.67,0.365,0,-10.158,1,0.0564,0.525,0,0.0575,0.45,119.344,147147,jazz
0.504,0.0644,2,-14.754,0,0.0408,0.972,4.36e-06,0.174,0.403,106.994,181440,jazz
0.515,0.583,0,-8.182,0,0.0284,0.749,0.000294,0.123,0.414,116.11,333947,jazz
0.395,0.121,9,-23.427,1,0.0327,0.935,0.397,0.697,0.139,114.521,297320,jazz
0.427,0.114,2,-22.546,0,0.0509,0.843,0.863,0.0966,0.114,60.484,282320,jazz
0.761,0.103,10,-16.964,1,0.0416,0.944,0,0.127,0.53,114.044,160133,jazz
0.442,0.033,10,-23.063,1,0.041,0.922,0.000171,0.151,0.21,103.34,179640,jazz
0.588,0.0387,0,-17.944,0,0.06,0.978,0.823,0.116,0.342,83.4,205667,jazz
0.716,0.133,0,-15.846,1,0.0421,0.879,0,0.0966,0.551,62.14,140520,jazz
0.558,0.231,5,-11.436,0,0.0812,0.805,0,0.142,0.403,73.103,167493,jazz
0.478,0.0294,0,-25.319,1,0.0453,0.993,0.948,0.105,0.148,124.308,324200,jazz
0.372,0.187,0,-13.497,0,0.0323,0.942,0.139,0.161,0.217,70.334,319733,jazz
0.496,0.127,0,-14.211,1,0.0382,0.927,7.07e-05,0.132,0.211,74.746,185587,jazz
0.425,0.0429,1,-24.86,1,0.0408,0.951,0.0184,0.148,0.255,96.097,419627,jazz
0.488,0.124,3,-13.038,1,0.0404,0.963,0.333,0.246,0.205,66.105,255960,jazz
0.492,0.0671,10,-15.671,0,0.0399,0.958,0.000968,0.109,0.165,124.908,147413,jazz
0.224,0.214,2,-14.455,0,0.0348,0.976,0.00094,0.367,0.14,83.906,179373,jazz
0.561,0.346,0,-12.596,0,0.0409,0.873,0.399,0.104,0.697,93.689,290293,jazz
0.626,0.152,5,-14.182,0,0.0405,0.934,6.05e-05,0.12,0.545,82.174,184467,jazz
0.539,0.0678,0,-18.039,1,0.0468,0.967,0.168,0.114,0.263,124.105,294667,jazz
0.45,0.154,1,-14.485,1,0.0373,0.938,4.37e-06,0.16,0.243,110.666,195667,jazz
0.572,0.398,0,-10.751,1,0.0376,0.841,4.59e-06,0.128,0.76,86.135,244867,jazz
0.652,0.356,5,-13.733,0,0.0419,0.546,0.000103,0.132,0.56,148.822,242347,jazz
0.673,0.377,0,-14.141,1,0.0697,0.586,0,0.332,0.713,88.973,201467,jazz
0.71,0.318,0,-8.948,0,0.0432,0.867,0.00038,0.169,0.58,126.05,194240,jazz
0.421,0.08,7,-21.795,1,0.04,0.903,0.859,0.135,0.0546,122.044,257693,jazz
0.203,0.0895,2,-19.755,0,0.0404,0.971,0.0213,0.108,0.115,173.451,173533,jazz
0.339,0.342,7,-7.596,0,0.0313,0.962,0.319,0.162,0.393,132.599,167121,jazz
0.542,0.32,8,-9.975,1,0.0387,0.907,0.649,0.0609,0.206,116.648,193840,jazz
0.535,0.258,7,-9.499,0,0.033,0.768,8.95e-05,0.115,0.281,110.953,659520,jazz
0.685,0.472,9,-9.691,0,0.0298,0.785,0.284,0.224,0.475,80.487,205720,jazz
0.483,0.364,9,-10.78,0,0.0265,0.564,0.299,0.0542,0.349,98.445,349907,jazz
0.742,0.671,5,-8.142,0,0.0407,0.794,0.00441,0.122,0.591,127.359,438280,jazz
0.463,0.654,8,-9.72,1,0.0659,0.824,0.917,0.372,0.592,175.204,209573,jazz
0.522,0.379,4,-14.096,0,0.0286,0.635,0.925,0.114,0.454,133.698,251600,jazz
0.417,0.0644,4,-19.687,0,0.0359,0.971,0.000134,0.126,0.138,113.713,191960,jazz
0.47,0.144,10,-12.824,1,0.0365,0.912,0.000118,0.0965,0.243,84.787,284560,jazz
0.612,0.526,0,-8.558,0,0.0272,0.727,0.0331,0.183,0.594,129.341,429267,jazz
0.551,0.119,0,-15.468,0,0.0435,0.924,0.00264,0.119,0.243,70.129,358200,jazz
0.564,0.0822,8,-17.658,1,0.0453,0.962,0.583,0.11,0.483,127.422,169507,jazz
0.593,0.103,10,-14.961,1,0.081,0.986,0.6,0.12,0.443,66.283,190933,jazz
0.544,0.425,10,-10.231,1,0.0346,0.719,0.0186,0.964,0.348,84.443,313200,jazz
0.476,0.0794,9,-19.166,0,0.0365,0.955,0.872,0.112,0.118,103.181,162680,jazz
0.621,0.197,7,-14.483,1,0.0573,0.99,0.878,0.152,0.569,120.194,214000,jazz
0.418,0.295,6,-14.667,1,0.0303,0.913,0.896,0.248,0.132,109.621,498147,jazz
0.336,0.0619,5,-20.494,0,0.0363,0.985,0.891,0.11,0.197,60.705,190400,jazz
0.494,0.182,10,-11.116,0,0.0443,0.79,0.00036,0.129,0.21,112.689,355333,jazz
0.356,0.0937,8,-16.64,0,0.0353,0.957,0.096,0.209,0.278,86.669,342373,jazz
0.803,0.335,8,-13.331,1,0.0451,0.579,0.0128,0.0849,0.786,132.682,330440,jazz
0.525,0.222,10,-11.065,0,0.0373,0.836,0.0799,0.051,0.645,156.364,195533,jazz
0.438,0.106,0,-14.939,1,0.0353,0.947,0.000103,0.147,0.0508,118.785,291173,jazz
0.355,0.152,5,-14.864,0,0.0401,0.924,0.0771,0.126,0.145,65.215,320773,jazz
0.575,0.187,0,-13.081,0,0.0512,0.927,0.877,0.166,0.342,107.469,525613,jazz
0.612,0.493,5,-8.589,0,0.0467,0.804,0.266,0.202,0.484,126.358,570720,jazz
0.634,0.327,0,-9.703,0,0.0551,0.709,0.0131,0.158,0.498,80.825,209400,jazz
0.615,0.145,7,-14.283,1,0.0422,0.748,0,0.0292,0.505,102.633,130253,jazz
0.553,0.546,9,-7.459,0,0.0341,0.439,0.000557,0.167,0.7,118.214,342067,jazz
0.635,0.0278,2,-21.504,0,0.0406,0.537,0.872,0.213,0.12,103.016,243333,jazz
0.659,0.113,10,-16.756,0,0.0569,0.976,0.88,0.179,0.738,95.063,182360,jazz
0.277,0.242,4,-18.442,1,0.0342,0.694,0.464,0.113,0.285,175.384,824133,jazz
0.599,0.444,5,-8.648,0,0.044,0.82,0.000474,0.122,0.508,142.81,369387,jazz
0.671,0.352,0,-11.511,1,0.0556,0.532,0.000141,0.11,0.396,120.235,342891,jazz
0.578,0.351,11,-12.432,0,0.101,0.813,0,0.123,0.476,122.712,240867,jazz
0.478,0.231,4,-18.064,0,0.0302,0.869,0.919,0.101,0.136,74.937,309200,jazz
0.27,0.688,0,-16.305,1,0.0547,0.973,0.884,0.669,0.219,75.845,416840,jazz
0.608,0.387,11,-20.157,0,0.0411,0.86,0.662,0.187,0.809,91.489,149080,jazz
0.292,0.012,10,-21.638,0,0.0393,0.905,0.164,0.0813,0.133,170.106,265049,jazz
0.564,0.097,5,-16.442,1,0.038,0.958,0.0588,0.119,0.393,132.653,346920,jazz
0.618,0.0772,9,-21.306,0,0.0514,0.975,0.919,0.107,0.36,104.691,273800,jazz
0.567,0.124,0,-16.446,1,0.0562,0.792,0,0.106,0.343,79.37,162867,jazz
0.517,0.273,10,-17.279,0,0.0627,0.866,0.774,0.979,0.321,63.423,354573,jazz
0.358,0.452,1,-13.02,1,0.0347,0.991,0.864,0.14,0.525,166.973,193867,jazz
0.465,0.35,3,-12.977,1,0.0403,0.41,0.279,0.135,0.62,93.336,688133,jazz
0.37,0.586,5,-13.468,0,0.0581,0.485,1.96e-06,0.348,0.519,121.573,462867,jazz
0.526,0.442,3,-10.133,1,0.0259,0.267,5.49e-05,0.106,0.284,131.055,212000,country
0.614,0.68,6,-4.58,1,0.0289,0.369,1.84e-06,0.115,0.707,149.959,234347,country
0.446,0.142,9,-13.498,1,0.0335,0.96,0.00114,0.101,0.156,135.724,176093,country
0.519,0.749,6,-3.318,0,0.0405,0.271,0,0.119,0.29,147.905,199947,country
0.671,0.501,4,-13.119,1,0.0594,0.342,0,0.194,0.86,87.04,214880,country
0.624,0.191,9,-11.072,1,0.0301,0.719,0,0.358,0.726,137.276,153867,country
0.657,0.639,10,-7.527,1,0.0412,0.581,0,0.278,0.674,124.882,234493,country
0.464,0.813,10,-6.185,1,0.0416,0.0153,0,0.254,0.515,75.977,222533,country
0.585,0.494,3,-8.751,1,0.0353,0.363,0,0.0886,0.634,133.822,212200,country
0.466,0.536,6,-6.227,1,0.0429,0.0951,0,0.114,0.377,75.998,210773,country
0.363,0.361,9,-14.398,1,0.0499,0.623,0.00119,0.154,0.612,187.711,152867,country
0.732,0.667,10,-9.278,1,0.0278,0.502,4.07e-06,0.0524,0.727,125.6,211267,country
0.674,0.537,1,-10.971,0,0.0363,0.566,0,0.131,0.809,110.578,161533,country
0.595,0.389,2,-9.245,1,0.0349,0.418,1.39e-06,0.116,0.4,166.052,227427,country
0.673,0.346,3,-12.803,1,0.0245,0.721,4.48e-06,0.0475,0.396,80.012,222493,country
0.783,0.698,3,-8.268,1,0.0323,0.522,2.52e-06,0.0754,0.758,124.996,248200,country
0.54,0.0568,10,-20.508,1,0.0351,0.917,1.01e-06,0.12,0.506,111.791,171333,country
0.606,0.706,0,-9.665,1,0.0379,0.362,0,0.16,0.819,174.533,148160,country
0.525,0.3,5,-8.005,1,0.0286,0.578,8.3e-06,0.116,0.206,80.993,236627,country
0.713,0.772,2,-6.69,1,0.0372,0.208,0,0.211,0.88,125.202,230133,country
0.668,0.672,2,-4.931,1,0.0303,0.111,0,0.329,0.539,89.011,201107,country
0.708,0.524,5,-12.644,1,0.0352,0.0551,3.21e-06,0.0371,0.69,111.482,200667,country
0.674,0.517,11,-11.225,1,0.0726,0.226,0,0.0697,0.482,94.98,299733,country
0.644,0.633,0,-8.006,1,0.0261,0.102,6.82e-05,0.227,0.647,115.193,194453,country
0.529,0.496,7,-9.007,1,0.029,0.173,0,0.251,0.278,136.859,250547,country
0.457,0.948,10,-3.364,1,0.0354,0.0191,0,0.0536,0.878,148.0,208960,country
0.607,0.815,4,-6.619,1,0.039,0.0471,2.81e-05,0.111,0.57,136.949,209760,country
0.489,0.581,11,-5.731,1,0.0281,0.0312,0,0.132,0.494,86.016,196747,country
0.587,0.622,4,-5.535,1,0.0303,0.0927,0.000636,0.2,0.231,107.943,277573,country
0.5,0.225,0,-10.22,1,0.0302,0.842,0,0.112,0.355,173.788,193320,country
0.782,0.589,0,-7.37,1,0.0803,0.0476,5.84e-06,0.0366,0.849,85.022,182960,country
0.732,0.458,5,-7.225,1,0.0311,0.447,0,0.136,0.661,98.938,165387,country
0.558,0.435,1,-6.812,1,0.0264,0.302,0,0.0351,0.199,122.385,290467,country
0.555,0.931,8,-2.969,1,0.0367,0.016,0,0.405,0.723,132.085,220907,country
0.467,0.622,6,-7.255,1,0.031,0.365,0.00527,0.0982,0.455,164.418,287267,country
0.68,0.87,5,-4.461,1,0.0393,0.266,0,0.109,0.646,119.075,227840,country
0.355,0.48,11,-7.31,1,0.0282,0.679,2.28e-06,0.12,0.137,100.956,259267,country
0.624,0.84,4,-5.768,1,0.0337,0.108,0.000546,0.144,0.656,111.02,323040,country
0.629,0.479,10,-10.608,1,0.0271,0.22,0,0.0587,0.345,138.231,232427,country
0.684,0.498,4,-10.836,1,0.03,0.708,0,0.365,0.905,131.855,123133,country
0.621,0.524,0,-15.269,1,0.0803,0.0652,0.00199,0.893,0.889,110.586,162653,country
0.517,0.743,9,-4.336,1,0.0363,0.243,3.36e-06,0.107,0.664,76.979,197931,country
0.673,0.842,3,-4.627,1,0.0366,0.06,0.000257,0.178,0.898,125.57,208107,country
0.69,0.416,7,-7.865,1,0.0335,0.617,1.37e-06,0.102,0.479,82.45,230600,country
0.416,0.546,7,-7.728,1,0.0297,0.492,0,0.0845,0.418,159.929,300333,country
0.677,0.776,5,-5.933,1,0.0386,0.42,0.000689,0.0954,0.642,121.834,192800,country
0.8,0.563,9,-10.209,1,0.0303,0.051,0,0.0797,0.961,121.808,203373,country
0.398,0.804,11,-5.559,1,0.0451,0.175,0,0.181,0.709,186.752,194307,country
0.421,0.476,0,-7.692,1,0.0298,0.268,0,0.0816,0.3,169.784,228840,country
0.643,0.961,0,-5.298,1,0.0315,0.0196,0,0.948,0.96,124.027,205707,country
0.625,0.848,2,-4.008,1,0.0314,0.105,0,0.23,0.716,137.993,235427,country
0.558,0.719,11,-5.603,1,0.0419,0.101,0,0.212,0.483,158.031,243707,country
0.585,0.511,1,-9.37,1,0.0391,0.647,0.007,0.0392,0.552,105.898,179491,country
0.428,0.51,7,-11.695,0,0.103,0.52,8.32e-06,0.105,0.393,169.967,257267,country
0.681,0.795,6,-6.652,1,0.049,0.305,9.41e-06,0.109,0.64,135.939,219160,country
0.514,0.659,1,-6.142,1,0.0309,0.0284,0,0.266,0.463,76.483,200040,country
0.641,0.637,7,-10.92,1,0.0262,0.0495,0.000138,0.267,0.793,147.502,171067,country
0.736,0.321,6,-13.474,1,0.0444,0.799,0.00897,0.0619,0.342,84.928,157653,country
0.591,0.703,10,-6.211,1,0.0256,0.0435,2.34e-06,0.145,0.402,95.993,247827,country
0.492,0.823,6,-8.526,1,0.0297,0.127,0,0.0523,0.702,94.342,215173,country
0.359,0.518,2,-3.537,1,0.0302,0.665,0,0.106,0.135,76.572,226493,country
0.589,0.501,0,-11.665,1,0.031,0.168,0,0.0741,0.969,131.064,175867,country
0.645,0.442,9,-12.997,1,0.0256,0.397,0,0.121,0.554,88.491,187000,country
0.483,0.844,2,-5.043,1,0.0314,0.00481,7.29e-05,0.405,0.543,151.977,229533,country
0.705,0.606,7,-7.047,1,0.0243,0.159,0.00149,0.242,0.876,98.001,234640,country
0.604,0.354,9,-14.07,1,0.0313,0.836,0.00474,0.103,0.635,137.349,180960,country
0.325,0.887,0,-4.199,1,0.0569,0.144,1.35e-06,0.431,0.705,202.339,199413,country
0.6,0.56,8,-6.311,1,0.0325,0.479,0,0.111,0.417,139.469,201493,country
0.613,0.801,8,-4.431,1,0.0354,0.0626,1.15e-05,0.124,0.609,126.966,243160,country
0.58,0.816,4,-5.165,1,0.0726,0.132,0,0.0776,0.814,89.938,200467,country
0.68,0.543,5,-14.876,1,0.141,0.857,0.000116,0.0881,0.796,111.62,230600,country
0.628,0.496,1,-7.103,1,0.0233,0.242,1.2e-05,0.147,0.266,85.523,262520,country
0.552,0.474,7,-6.847,1,0.0275,0.336,0,0.173,0.7,92.156,143693,country
0.604,0.605,4,-8.516,1,0.0352,0.115,1.22e-05,0.305,0.647,147.925,285280,country
0.557,0.553,1,-7.954,1,0.0319,0.247,0,0.125,0.253,139.821,239987,country
0.64,0.835,0,-4.806,1,0.0413,0.0726,3.11e-06,0.132,0.704,109.497,205920,country
0.681,0.638,4,-7.818,1,0.0367,0.699,0.000629,0.0581,0.677,96.882,140440,country
0.661,0.581,5,-9.67,1,0.032,0.423,0,0.11,0.863,91.11,180320,country
0.707,0.401,4,-14.222,1,0.0533,0.275,0.000296,0.201,0.602,136.188,179333,country
0.642,0.233,9,-16.568,1,0.0298,0.435,0,0.105,0.333,114.495,193400,country
0.595,0.473,8,-9.828,1,0.0347,0.702,0,0.0725,0.716,204.016,249293,country
0.709,0.757,7,-7.006,1,0.0408,0.434,0,0.336,0.852,140.664,216693,country
0.506,0.11,5,-17.615,1,0.0307,0.35,0.00144,0.139,0.208,70.554,255133,country
0.75,0.451,4,-13.355,1,0.048,0.512,0,0.272,0.743,95.483,174667,country
0.686,0.234,0,-12.646,1,0.0295,0.742,0,0.145,0.342,106.581,231507,country
0.714,0.522,7,-9.773,1,0.0283,0.455,1.02e-05,0.0967,0.69,121.312,168000,country
0.568,0.698,9,-4.733,1,0.0436,0.0459,0,0.095,0.872,164.371,148440,country
0.695,0.502,4,-12.01,1,0.0279,0.327,0,0.097,0.543,117.083,223613,country
0.598,0.483,7,-7.474,1,0.0292,0.458,7.88e-06,0.36,0.452,130.663,171653,country
0.579,0.731,7,-5.659,1,0.0323,0.244,0,0.297,0.618,133.582,209867,country
0.684,0.45,7,-10.422,1,0.0332,0.704,0.00191,0.243,0.639,102.902,200493,country
0.492,0.216,5,-16.121,1,0.0283,0.639,6.53e-05,0.0598,0.145,168.817,258347,country
0.739,0.717,3,-9.568,1,0.0308,0.417,0.000918,0.334,0.663,113.234,223533,country
0.858,0.66,2,-7.953,1,0.029,0.231,0,0.189,0.933,123.299,203733,country
0.354,0.276,0,-14.999,1,0.0295,0.745,1.35e-06,0.11,0.427,82.787,145867,country
0.259,0.59,3,-8.343,1,0.0363,0.472,0.00128,0.135,0.474,201.016,235920,country
0.59,0.398,1,-16.012,1,0.38,0.781,0,0.0683,0.724,109.634,299747,country
0.471,0.445,2,-12.062,1,0.0456,0.631,0,0.163,0.452,113.305,157533,country
0.586,0.675,7,-7.819,1,0.0776,0.26,0,0.144,0.473,143.92,199587,country
0.596,0.626,7,-12.945,1,0.0634,0.402,0,0.0498,0.962,155.556,177693,country
0.893,0.74,11,-4.936,0,0.132,0.299,0,0.0881,0.963,101.025,299147,hiphop
0.899,0.713,6,-2.752,0,0.366,0.255,0,0.0708,0.777,90.051,193467,hiphop
0.908,0.762,9,-4.773,0,0.153,0.0658,0,0.104,0.869,148.016,297933,hiphop
0.663,0.777,11,-4.954,0,0.109,0.277,0,0.0466,0.758,92.681,270507,hiphop
0.701,0.728,2,-4.554,1,0.255,0.00971,0.00115,0.361,0.0591,171.388,326467,hiphop
0.551,0.851,1,-3.277,1,0.197,0.0748,0,0.0784,0.1,171.411,297893,hiphop
0.662,0.507,5,-8.238,1,0.118,0.257,0,0.0465,0.676,86.412,223440,hiphop
0.621,0.672,4,-3.892,0,0.276,0.21,0,0.13,0.228,83.808,251267,hiphop
0.73,0.552,2,-8.177,0,0.146,0.18,6.14e-05,0.224,0.613,168.091,289173,hiphop
0.94,0.633,8,-3.56,1,0.0467,0.0581,4.04e-05,0.281,0.962,121.003,248680,hiphop
0.892,0.628,1,-3.832,1,0.216,0.169,0,0.102,0.676,92.063,266067,hiphop
0.802,0.863,1,-3.552,1,0.2,0.0199,0,0.141,0.873,81.008,219400,hiphop
0.829,0.542,8,-6.567,0,0.238,0.0778,0,0.23,0.191,129.032,156948,hiphop
0.631,0.934,11,-3.884,0,0.383,0.208,0,0.107,0.525,94.307,129435,hiphop
0.649,0.559,5,-8.711,0,0.046,0.0589,0,0.126,0.0987,89.982,117340,hiphop
0.814,0.536,8,-8.825,0,0.409,0.477,2.98e-05,0.856,0.747,99.845,177659,hiphop
0.388,0.334,9,-12.54,1,0.132,0.318,1.99e-05,0.0979,0.225,131.977,167602,hiphop
0.549,0.636,10,-3.923,0,0.376,0.395,0,0.0974,0.661,182.363,251547,hiphop
0.689,0.546,6,-8.624,1,0.345,0.08,0,0.0706,0.768,140.924,184614,hiphop
0.814,0.779,11,-3.271,1,0.235,0.175,0.000671,0.0605,0.544,93.43,268005,hiphop
0.589,0.574,11,-7.646,1,0.494,0.709,0,0.0934,0.611,111.179,170059,hiphop
0.62,0.614,7,-7.004,1,0.119,0.179,0,0.118,0.405,131.941,127534,hiphop
0.886,0.568,0,-9.755,1,0.398,0.547,0,0.129,0.63,136.068,155768,hiphop
0.827,0.772,5,-7.949,0,0.083,0.00357,0.000748,0.102,0.378,123.966,157852,hiphop
0.593,0.528,2,-13.055,1,0.225,0.0724,0,0.103,0.336,165.946,203916,hiphop
0.89,0.427,6,-8.405,0,0.215,0.177,3.5e-06,0.109,0.136,130.118,97847,hiphop
0.626,0.714,7,-7.747,1,0.378,0.192,0,0.109,0.57,148.161,220970,hiphop
0.824,0.672,1,-5.256,1,0.108,0.00937,0,0.181,0.352,139.974,114069,hiphop
0.698,0.582,11,-8.58,0,0.147,0.0233,0,0.152,0.104,97.067,158728,hiphop
0.746,0.679,0,-9.42,0,0.0642,0.674,0,0.117,0.738,120.995,128935,hiphop
0.577,0.645,5,-5.319,1,0.237,0.0102,0,0.103,0.376,176.006,211109,hiphop
0.63,0.553,2,-8.049,0,0.0764,0.4,0.0136,0.28,0.448,87.925,148636,hiphop
0.612,0.556,0,-10.352,1,0.0843,0.21,0,0.134,0.621,180.04,240333,hiphop
0.684,0.834,2,-4.524,0,0.0675,0.0646,0,0.271,0.538,164.02,217667,hiphop
0.717,0.544,4,-8.111,0,0.239,0.74,0,0.0959,0.469,105.593,208632,hiphop
0.489,0.692,1,-6.672,1,0.41,0.0322,0.00608,0.315,0.527,96.946,237707,hiphop
0.767,0.881,1,-4.359,1,0.109,0.191,8.29e-06,0.139,0.939,169.049,215267,hiphop
0.925,0.916,1,-4.057,1,0.12,0.0496,0,0.209,0.639,116.998,186200,hiphop
0.67,0.788,11,-2.43,0,0.0445,0.00225,0,0.11,0.292,82.498,179467,hiphop
0.947,0.655,5,-4.243,0,0.0609,0.0331,0,0.0433,0.787,104.485,284800,hiphop
0.886,0.626,11,-2.528,0,0.277,0.265,0,0.024,0.856,93.989,196627,hiphop
0.589,0.827,11,-2.938,1,0.384,0.0143,0.00151,0.14,0.386,161.978,256240,hiphop
0.653,0.802,1,-7.03,1,0.336,0.0707,0,0.3,0.319,164.076,170027,hiphop
0.646,0.813,6,-3.846,0,0.299,0.349,9.37e-05,0.0427,0.895,92.729,224440,hiphop
0.65,0.636,1,-7.329,1,0.0285,0.0277,5.44e-06,0.09,0.395,120.873,196364,hiphop
0.799,0.76,2,-3.318,1,0.222,0.271,0,0.185,0.543,99.994,263787,hiphop
0.712,0.772,10,-3.024,0,0.346,0.0521,4.35e-06,0.0368,0.848,84.722,249480,hiphop
0.761,0.642,3,-8.31,0,0.347,0.473,0,0.138,0.614,157.015,160000,hiphop
0.925,0.659,3,-4.763,1,0.231,0.206,7.88e-05,0.279,0.71,97.018,214227,hiphop
0.803,0.784,11,-5.97,0,0.198,0.0012,0.000161,0.0794,0.801,90.185,296907,hiphop
0.775,0.535,6,-7.125,1,0.113,0.349,0,0.14,0.315,84.122,280000,hiphop
0.692,0.833,7,-3.974,1,0.0492,0.000136,1.98e-05,0.515,0.692,96.814,246320,hiphop
0.653,0.711,9,-6.454,1,0.0623,0.109,0,0.443,0.769,160.048,191320,hiphop
0.72,0.514,1,-7.108,1,0.132,0.146,0.00713,0.107,0.212,142.98,272160,hiphop
0.547,0.795,11,-5.825,0,0.444,0.253,0,0.0775,0.566,93.221,258213,hiphop
0.767,0.864,10,-1.847,0,0.133,0.0116,0,0.0957,0.747,85.475,257907,hiphop
0.797,0.852,0,-2.234,1,0.172,0.0432,3.97e-06,0.409,0.674,95.416,330760,hiphop
0.608,0.79,10,-2.92,0,0.383,0.0564,0.000203,0.258,0.642,166.222,230787,hiphop
0.63,0.782,8,-5.44,0,0.132,0.0828,0,0.034,0.418,140.144,247947,hiphop
0.604,0.703,8,-5.613,0,0.248,0.0138,0,0.157,0.382,167.93,140069,hiphop
0.856,0.904,8,-4.804,1,0.139,0.0253,3.16e-05,0.0537,0.855,99.247,246533,hiphop
0.549,0.853,7,-4.293,1,0.188,0.0285,0.000296,0.618,0.346,94.695,211493,hiphop
0.715,0.655,0,-6.425,1,0.137,0.0525,0,0.115,0.531,95.078,207333,hiphop
0.803,0.773,0,-3.628,1,0.121,0.0107,0,0.0632,0.708,91.915,226027,hiphop
0.803,0.757,4,-3.212,0,0.0597,0.0175,0,0.195,0.623,130.019,350227,hiphop
0.873,0.719,1,-5.948,1,0.248,0.03,0,0.333,0.858,93.281,307773,hiphop
0.755,0.738,11,-6.792,0,0.152,0.162,1.98e-05,0.173,0.744,154.788,367960,hiphop
0.52,0.768,8,-3.489,0,0.359,0.0193,0.00034,0.104,0.398,79.178,296880,hiphop
0.643,0.825,1,-4.746,0,0.343,0.0203,4.99e-06,0.0398,0.701,97.172,304147,hiphop
0.801,0.908,2,-6.554,1,0.221,0.00253,0.000655,0.0698,0.805,87.279,278387,hiphop
0.482,0.647,1,-6.582,0,0.316,0.338,0,0.0976,0.587,87.429,331133,hiphop
0.816,0.849,11,-4.41,1,0.26,0.0811,0,0.0616,0.844,94.007,258000,hiphop
0.835,0.707,8,-5.074,1,0.0598,0.0219,2.19e-05,0.108,0.919,93.955,267093,hiphop
0.487,0.805,9,-3.911,1,0.204,0.147,0,0.209,0.606,99.336,236413,hiphop
0.612,0.577,11,-8.01,1,0.458,0.0237,6.22e-05,0.381,0.745,128.422,208533,hiphop
0.838,0.705,5,-6.131,0,0.29,0.195,0,0.336,0.837,96.643,245093,hiphop
0.672,0.818,5,-4.209,0,0.109,0.00185,2.29e-06,0.0612,0.164,164.078,339667,hiphop
0.78,0.575,9,-7.247,0,0.273,0.43,0,0.143,0.773,84.492,252747,hiphop
0.92,0.891,3,-2.398,0,0.253,0.0313,0,0.083,0.311,95.295,161600,hiphop
0.925,0.737,8,-1.292,1,0.0777,0.092,0,0.169,0.603,133.946,222240,hiphop
0.804,0.692,10,-5.884,0,0.318,0.0949,0,0.0405,0.838,85.21,287907,hiphop
0.863,0.672,7,-6.311,1,0.0739,0.0446,0,0.166,0.338,111.11,268827,hiphop
0.761,0.653,1,-6.577,1,0.182,0.0618,0,0.326,0.376,90.049,282107,hiphop
0.904,0.826,1,-2.372,0,0.272,0.0531,0,0.214,0.824,101.35,191600,hiphop
0.763,0.84,8,-3.704,1,0.0929,0.0346,0,0.0601,0.748,92.477,287547,hiphop
0.554,0.899,8,-4.573,1,0.408,0.0521,0,0.0568,0.552,171.966,227893,hiphop
0.716,0.722,11,-4.63,1,0.16,0.13,0,0.0531,0.477,90.997,283173,hiphop
0.777,0.764,1,-5.682,1,0.14,0.243,0,0.103,0.174,177.868,270867,hiphop
0.494,0.943,5,-3.704,0,0.363,0.156,0,0.335,0.797,185.982,287427,hiphop
0.678,0.857,10,-5.173,0,0.216,0.0325,0,0.0788,0.622,94.95,219253,hiphop
0.867,0.796,6,-4.73,1,0.0693,0.202,0,0.0838,0.776,92.766,231040,hiphop
0.747,0.929,6,-3.924,1,0.237,0.084,0,0.135,0.532,100.942,274053,hiphop
0.912,0.664,6,-7.729,1,0.287,0.455,0.00123,0.133,0.848,90.466,244760,hiphop
0.911,0.65,0,-5.529,1,0.0921,0.00254,0.0553,0.198,0.681,98.625,276413,hiphop
0.539,0.672,5,-4.972,0,0.195,0.0626,0,0.388,0.384,174.148,191813,hiphop
0.833,0.568,7,-9.718,0,0.369,0.0245,0,0.308,0.817,76.725,213280,hiphop
0.726,0.757,0,-7.155,1,0.191,0.0254,0,0.702,0.679,83.979,231933,hiphop
0.811,0.73,10,-5.432,0,0.106,0.00703,2.41e-05,0.338,0.382,87.016,281653,hiphop
0.758,0.519,10,-10.58,0,0.0395,0.117,0.0742,0.109,0.617,92.872,232773,hiphop
0.727,0.8,6,-2.507,0,0.284,0.0621,0,0.143,0.862,144.833,178759,hiphop
0.714,0.784,7,-4.698,0,0.0392,0.033,0,0.0766,0.85,94.732,256345,reggae
0.688,0.741,8,-8.532,1,0.259,0.194,0,0.194,0.462,107.889,177806,reggae
0.717,0.717,6,-6.713,0,0.0417,0.623,0.000125,0.0473,0.835,78.004,158540,reggae
0.755,0.71,7,-4.768,1,0.0334,0.129,0.0216,0.0762,0.668,99.979,206148,reggae
0.744,0.398,6,-9.995,1,0.033,0.148,0.00381,0.115,0.744,121.868,146625,reggae
0.645,0.813,7,-7.365,1,0.0617,0.495,0.0225,0.0532,0.97,177.851,246880,reggae
0.866,0.56,5,-9.848,0,0.0501,0.0574,0,0.0825,0.961,140.484,245787,reggae
0.839,0.634,5,-6.452,1,0.317,0.0828,9.21e-05,0.0808,0.883,137.73,222027,reggae
0.775,0.357,0,-11.522,1,0.0446,0.044,0.613,0.109,0.855,95.129,223398,reggae
0.779,0.533,6,-14.152,1,0.0535,0.272,0.159,0.13,0.944,142.495,211467,reggae
0.812,0.666,0,-6.878,1,0.131,0.419,0.103,0.236,0.795,79.968,185359,reggae
0.831,0.467,9,-7.119,1,0.169,0.0769,2.26e-05,0.088,0.493,133.661,211933,reggae
0.807,0.487,9,-10.456,1,0.0758,0.0102,1.98e-06,0.0501,0.651,148.491,180267,reggae
0.871,0.531,11,-8.657,0,0.0361,0.014,1.12e-05,0.192,0.933,111.403,240933,reggae
0.795,0.731,9,-6.056,1,0.0529,0.381,0.00163,0.0548,0.884,96.161,268213,reggae
0.746,0.652,5,-8.067,1,0.0756,0.122,0.0573,0.376,0.915,148.267,205293,reggae
0.698,0.718,2,-5.359,0,0.205,0.0919,0,0.155,0.737,93.955,253107,reggae
0.751,0.599,9,-6.543,0,0.308,0.155,0,0.0557,0.611,169.786,242831,reggae
0.756,0.61,5,-13.002,1,0.0709,0.0806,7.89e-05,0.114,0.863,173.818,189093,reggae
0.722,0.532,4,-6.867,0,0.0656,0.658,0.00089,0.16,0.674,160.002,186740,reggae
0.795,0.766,10,-5.14,0,0.0773,0.0813,0,0.0887,0.61,94.053,229787,reggae
0.721,0.39,7,-11.566,0,0.0599,0.116,0.0644,0.109,0.369,75.0,215653,reggae
0.83,0.472,9,-11.352,1,0.0612,0.00328,0.0528,0.0507,0.853,125.749,185713,reggae
0.795,0.415,0,-10.466,1,0.153,0.127,8.76e-06,0.0669,0.821,76.28,265880,reggae
0.856,0.394,9,-9.268,0,0.143,0.141,0.00619,0.118,0.772,147.878,255333,reggae
0.749,0.583,8,-8.139,0,0.0942,0.209,0.0032,0.103,0.897,132.658,150840,reggae
0.741,0.764,7,-5.292,1,0.0414,0.0222,2.4e-06,0.0948,0.239,79.512,270695,reggae
0.794,0.57,7,-7.753,1,0.0645,0.0197,0.014,0.104,0.575,143.977,267360,reggae
0.819,0.389,10,-9.87,1,0.0709,0.0453,0.00176,0.0841,0.889,81.956,234227,reggae
0.814,0.405,7,-11.196,1,0.0752,0.688,0.00909,0.134,0.87,145.525,251960,reggae
0.789,0.667,7,-7.852,1,0.283,0.179,0,0.0603,0.934,79.996,191320,reggae
0.703,0.336,1,-15.422,0,0.334,0.0937,0.0258,0.0447,0.712,73.911,310707,reggae
0.81,0.402,5,-13.881,1,0.283,0.0485,0,0.0513,0.894,78.651,190640,reggae
0.782,0.386,2,-15.443,1,0.0302,0.0184,0,0.0525,0.904,105.849,195558,reggae
0.7,0.648,11,-7.38,0,0.07,0.0107,0.0199,0.348,0.926,81.963,164931,reggae
0.865,0.516,11,-7.103,0,0.0412,0.0297,0.0615,0.0841,0.533,98.489,200852,reggae
0.792,0.543,3,-6.876,0,0.493,0.282,0,0.342,0.758,170.744,205551,reggae
0.771,0.739,7,-4.295,0,0.165,0.106,0,0.42,0.764,86.643,200424,reggae
0.867,0.85,6,-4.232,0,0.201,0.11,0,0.334,0.92,123.045,184280,reggae
0.817,0.624,6,-5.391,0,0.219,0.198,0,0.11,0.742,82.017,218040,reggae
0.917,0.745,7,-4.424,0,0.186,0.258,2.39e-05,0.382,0.935,142.001,339267,reggae
0.865,0.562,10,-6.811,0,0.251,0.0318,0,0.246,0.81,85.02,222467,reggae
0.825,0.568,7,-6.072,0,0.0875,0.0299,1.41e-06,0.089,0.758,140.978,316596,reggae
0.73,0.561,0,-12.851,1,0.203,0.0361,0.0473,0.0493,0.691,80.892,231733,reggae
0.743,0.576,9,-6.244,0,0.163,0.0136,0,0.0613,0.628,77.958,213692,reggae
0.749,0.849,4,-5.761,0,0.0544,0.0299,0.000168,0.115,0.959,145.169,244253,reggae
0.934,0.467,11,-10.99,0,0.307,0.102,3.98e-05,0.109,0.73,123.583,211000,reggae
0.951,0.636,9,-5.399,0,0.04,0.00417,1.89e-05,0.0899,0.964,119.009,266600,reggae
0.791,0.455,6,-11.335,1,0.197,0.29,0,0.0277,0.603,167.891,232173,reggae
0.916,0.72,0,-8.548,1,0.1,0.36,0.00016,0.0958,0.76,103.312,237000,reggae
0.901,0.396,6,-15.087,0,0.388,0.19,0.000135,0.0913,0.96,139.547,236413,reggae
0.928,0.464,9,-8.56,1,0.27,0.172,7.16e-06,0.0546,0.762,124.081,256600,reggae
0.78,0.427,5,-8.371,0,0.126,0.128,1.75e-05,0.0697,0.526,71.665,228760,reggae
0.848,0.468,4,-11.053,0,0.114,0.0894,0.00035,0.0554,0.68,130.067,224500,reggae
0.761,0.676,9,-8.243,0,0.0402,0.207,0.0593,0.146,0.603,93.998,282800,reggae
0.728,0.839,4,-4.709,0,0.0464,0.048,0,0.0993,0.966,172.075,226047,reggae
0.804,0.458,5,-5.814,0,0.0911,0.291,0,0.194,0.962,124.847,233133,reggae
0.776,0.559,6,-8.375,0,0.103,0.11,0,0.0671,0.758,122.242,232200,reggae
0.683,0.724,5,-4.436,0,0.0988,0.0909,0,0.339,0.742,80.932,208467,reggae
0.779,0.418,7,-9.207,1,0.188,0.00333,0.000138,0.252,0.425,127.942,271000,reggae
0.904,0.431,11,-10.14,0,0.116,0.191,0.00179,0.0928,0.751,127.57,175627,reggae
0.957,0.226,8,-14.606,1,0.0594,0.119,0.0358,0.0796,0.768,102.072,231733,reggae
0.868,0.281,7,-12.621,1,0.34,0.0515,6.95e-05,0.114,0.795,131.193,207733,reggae
0.633,0.598,1,-7.115,1,0.513,0.205,0,0.0765,0.728,172.563,195258,reggae
0.796,0.675,8,-6.382,1,0.0916,0.0686,0,0.0286,0.935,148.104,213149,reggae
0.939,0.65,9,-8.282,0,0.0615,0.00557,0,0.0429,0.968,134.727,207773,reggae
0.791,0.481,4,-9.39,1,0.124,0.0649,1.47e-06,0.0247,0.926,146.032,269547,reggae
0.87,0.299,10,-13.409,1,0.248,0.122,0.0514,0.0926,0.933,75.895,317360,reggae
0.889,0.735,1,-5.854,1,0.149,0.101,0,0.0672,0.915,128.791,213698,reggae
0.888,0.483,11,-7.443,1,0.07,0.415,5.61e-06,0.377,0.961,114.89,250120,reggae
0.918,0.393,7,-16.088,1,0.15,0.0314,0.000153,0.0269,0.803,131.84,267827,reggae
0.851,0.514,0,-13.312,1,0.0362,0.292,1.98e-05,0.0683,0.965,109.357,320227,reggae
0.781,0.49,10,-8.152,1,0.312,0.565,6.34e-06,0.0953,0.516,80.015,233893,reggae
0.819,0.306,1,-13.09,0,0.279,0.568,0,0.0841,0.712,82.922,139234,reggae
0.521,0.855,10,-5.992,1,0.0796,0.233,0,0.122,0.629,75.809,215227,reggae
0.739,0.658,0,-5.462,1,0.0762,0.0748,2.14e-06,0.101,0.707,77.999,252125,reggae
0.694,0.732,0,-5.362,1,0.135,0.0678,0,0.0583,0.519,179.966,240053,reggae
0.719,0.692,7,-7.339,0,0.0773,0.186,6.33e-05,0.112,0.506,152.021,215080,reggae
0.865,0.515,10,-9.193,1,0.0412,0.258,0.000202,0.107,0.96,94.998,232733,reggae
0.779,0.544,8,-9.724,0,0.0635,0.000469,2.18e-05,0.0586,0.597,129.24,297653,reggae
0.828,0.496,5,-10.559,1,0.105,0.178,0.00102,0.0872,0.464,144.011,226726,reggae
0.683,0.846,11,-3.874,0,0.12,0.000626,0,0.713,0.696,82.861,180678,reggae
0.716,0.727,6,-5.399,0,0.0813,0.15,0,0.135,0.809,133.999,207493,reggae
0.864,0.596,9,-5.603,0,0.251,0.0273,0,0.181,0.72,122.139,225333,reggae
0.843,0.592,9,-7.577,0,0.0689,0.0875,0.00865,0.044,0.601,140.075,169714,reggae
0.684,0.499,6,-9.139,0,0.0584,0.222,4.13e-05,0.102,0.432,140.015,216596,reggae
0.756,0.62,0,-9.557,1,0.0501,0.133,0.388,0.113,0.672,95.575,172227,reggae
0.757,0.489,4,-9.672,0,0.0628,0.0315,6.26e-05,0.103,0.805,136.435,244960,reggae
0.728,0.696,7,-6.084,1,0.0632,0.0471,1.81e-05,0.0233,0.674,78.002,261080,reggae
0.757,0.739,4,-6.064,0,0.121,0.172,0,0.331,0.696,77.521,203600,reggae
0.711,0.62,0,-6.869,1,0.0419,0.00827,1.71e-06,0.343,0.77,75.995,228507,reggae
0.911,0.429,10,-15.206,1,0.117,0.0238,1.86e-06,0.0608,0.808,118.026,323040,reggae
0.736,0.735,2,-8.471,1,0.0458,0.00856,2.77e-05,0.0627,0.961,139.072,242293,reggae
0.814,0.438,10,-12.148,1,0.0386,0.0062,0.000166,0.113,0.596,126.711,175973,reggae
0.715,0.598,6,-7.912,0,0.0403,0.0113,0.00058,0.197,0.779,142.386,193587,reggae
0.7,0.476,0,-9.771,1,0.0702,4.48e-05,0.00154,0.0944,0.652,143.413,215667,reggae
0.837,0.666,2,-7.187,1,0.132,0.218,5.33e-06,0.134,0.78,96.083,253960,reggae
0.69,0.653,7,-9.771,1,0.0777,0.0196,0,0.484,0.647,81.363,217267,reggae
0.874,0.591,2,-5.213,1,0.143,0.013,0,0.138,0.76,76.004,177000,reggae
0.82,0.666,7,-7.628,0,0.153,0.134,0,0.163,0.57,127.946,273750,reggae
